date,state,age_group,addicts
2015-01-01,Malaysia,total,26668
2016-01-01,Malaysia,total,30844
2017-01-01,Malaysia,total,25922
2018-01-01,Malaysia,total,25267
2019-01-01,Malaysia,total,26080
2020-01-01,Malaysia,total,20643
2021-01-01,Malaysia,total,18205
2022-01-01,Malaysia,total,23517
2023-01-01,Malaysia,total,24186
2019-01-01,Johor,total,2371
2020-01-01,Johor,total,2564
2021-01-01,Johor,total,2081
2022-01-01,Johor,total,2674
2023-01-01,Johor,total,2847
2019-01-01,Kedah,total,3582
2020-01-01,Kedah,total,2372
2021-01-01,Kedah,total,2196
2022-01-01,Kedah,total,2724
2023-01-01,Kedah,total,2678
2019-01-01,Kelantan,total,2998
2020-01-01,Kelantan,total,2271
2021-01-01,Kelantan,total,2167
2022-01-01,Kelantan,total,2339
2023-01-01,Kelantan,total,2589
2019-01-01,Melaka,total,819
2020-01-01,Melaka,total,829
2021-01-01,Melaka,total,539
2022-01-01,Melaka,total,555
2023-01-01,Melaka,total,467
2019-01-01,Negeri Sembilan,total,1244
2020-01-01,Negeri Sembilan,total,812
2021-01-01,Negeri Sembilan,total,709
2022-01-01,Negeri Sembilan,total,969
2023-01-01,Negeri Sembilan,total,866
2019-01-01,Pahang,total,1672
2020-01-01,Pahang,total,1395
2021-01-01,Pahang,total,977
2022-01-01,Pahang,total,1392
2023-01-01,Pahang,total,1947
2019-01-01,Perak,total,2046
2020-01-01,Perak,total,1821
2021-01-01,Perak,total,1637
2022-01-01,Perak,total,2376
2023-01-01,Perak,total,2222
2019-01-01,Perlis,total,316
2020-01-01,Perlis,total,281
2021-01-01,Perlis,total,213
2022-01-01,Perlis,total,429
2023-01-01,Perlis,total,459
2019-01-01,Pulau Pinang,total,2893
2020-01-01,Pulau Pinang,total,1727
2021-01-01,Pulau Pinang,total,1358
2022-01-01,Pulau Pinang,total,2247
2023-01-01,Pulau Pinang,total,2089
2019-01-01,Sabah,total,1574
2020-01-01,Sabah,total,834
2021-01-01,Sabah,total,644
2022-01-01,Sabah,total,703
2023-01-01,Sabah,total,623
2019-01-01,Sarawak,total,852
2020-01-01,Sarawak,total,634
2021-01-01,Sarawak,total,712
2022-01-01,Sarawak,total,1215
2023-01-01,Sarawak,total,1485
2019-01-01,Selangor,total,2385
2020-01-01,Selangor,total,1712
2021-01-01,Selangor,total,1963
2022-01-01,Selangor,total,2553
2023-01-01,Selangor,total,2498
2019-01-01,Terengganu,total,2123
2020-01-01,Terengganu,total,2240
2021-01-01,Terengganu,total,2033
2022-01-01,Terengganu,total,2237
2023-01-01,Terengganu,total,2256
2019-01-01,W.P. Kuala Lumpur,total,1023
2020-01-01,W.P. Kuala Lumpur,total,1024
2021-01-01,W.P. Kuala Lumpur,total,857
2022-01-01,W.P. Kuala Lumpur,total,980
2023-01-01,W.P. Kuala Lumpur,total,1074
2019-01-01,W.P. Labuan,total,139
2020-01-01,W.P. Labuan,total,90
2021-01-01,W.P. Labuan,total,48
2019-01-01,W.P. Putrajaya,total,43
2020-01-01,W.P. Putrajaya,total,37
2021-01-01,W.P. Putrajaya,total,71
2022-01-01,W.P. Putrajaya,total,46
2023-01-01,W.P. Putrajaya,total,34
2015-01-01,Malaysia,<13,0
2016-01-01,Malaysia,<13,0
2017-01-01,Malaysia,<13,0
2018-01-01,Malaysia,<13,0
2019-01-01,Malaysia,<13,0
2020-01-01,Malaysia,<13,0
2021-01-01,Malaysia,<13,0
2022-01-01,Malaysia,<13,0
2023-01-01,Malaysia,<13,0
2019-01-01,Johor,<13,0
2020-01-01,Johor,<13,0
2021-01-01,Johor,<13,0
2022-01-01,Johor,<13,0
2023-01-01,Johor,<13,0
2019-01-01,Kedah,<13,0
2020-01-01,Kedah,<13,0
2021-01-01,Kedah,<13,0
2022-01-01,Kedah,<13,0
2023-01-01,Kedah,<13,0
2019-01-01,Kelantan,<13,0
2020-01-01,Kelantan,<13,0
2021-01-01,Kelantan,<13,0
2022-01-01,Kelantan,<13,0
2023-01-01,Kelantan,<13,0
2019-01-01,Melaka,<13,0
2020-01-01,Melaka,<13,0
2021-01-01,Melaka,<13,0
2022-01-01,Melaka,<13,0
2023-01-01,Melaka,<13,0
2019-01-01,Negeri Sembilan,<13,0
2020-01-01,Negeri Sembilan,<13,0
2021-01-01,Negeri Sembilan,<13,0
2022-01-01,Negeri Sembilan,<13,0
2023-01-01,Negeri Sembilan,<13,0
2019-01-01,Pahang,<13,0
2020-01-01,Pahang,<13,0
2021-01-01,Pahang,<13,0
2022-01-01,Pahang,<13,0
2023-01-01,Pahang,<13,0
2019-01-01,Perak,<13,0
2020-01-01,Perak,<13,0
2021-01-01,Perak,<13,0
2022-01-01,Perak,<13,0
2023-01-01,Perak,<13,0
2019-01-01,Perlis,<13,0
2020-01-01,Perlis,<13,0
2021-01-01,Perlis,<13,0
2022-01-01,Perlis,<13,0
2023-01-01,Perlis,<13,0
2019-01-01,Pulau Pinang,<13,0
2020-01-01,Pulau Pinang,<13,0
2021-01-01,Pulau Pinang,<13,0
2022-01-01,Pulau Pinang,<13,0
2023-01-01,Pulau Pinang,<13,0
2019-01-01,Sabah,<13,0
2020-01-01,Sabah,<13,0
2021-01-01,Sabah,<13,0
2022-01-01,Sabah,<13,0
2023-01-01,Sabah,<13,0
2019-01-01,Sarawak,<13,0
2020-01-01,Sarawak,<13,0
2021-01-01,Sarawak,<13,0
2022-01-01,Sarawak,<13,0
2023-01-01,Sarawak,<13,0
2019-01-01,Selangor,<13,0
2020-01-01,Selangor,<13,0
2021-01-01,Selangor,<13,0
2022-01-01,Selangor,<13,0
2023-01-01,Selangor,<13,0
2019-01-01,Terengganu,<13,0
2020-01-01,Terengganu,<13,0
2021-01-01,Terengganu,<13,0
2022-01-01,Terengganu,<13,0
2023-01-01,Terengganu,<13,0
2019-01-01,W.P. Kuala Lumpur,<13,0
2020-01-01,W.P. Kuala Lumpur,<13,0
2021-01-01,W.P. Kuala Lumpur,<13,0
2022-01-01,W.P. Kuala Lumpur,<13,0
2023-01-01,W.P. Kuala Lumpur,<13,0
2019-01-01,W.P. Labuan,<13,0
2020-01-01,W.P. Labuan,<13,0
2021-01-01,W.P. Labuan,<13,0
2019-01-01,W.P. Putrajaya,<13,0
2020-01-01,W.P. Putrajaya,<13,0
2021-01-01,W.P. Putrajaya,<13,0
2022-01-01,W.P. Putrajaya,<13,0
2023-01-01,W.P. Putrajaya,<13,0
2015-01-01,Malaysia,13-15,45
2016-01-01,Malaysia,13-15,85
2017-01-01,Malaysia,13-15,72
2018-01-01,Malaysia,13-15,42
2019-01-01,Malaysia,13-15,26
2020-01-01,Malaysia,13-15,7
2021-01-01,Malaysia,13-15,17
2022-01-01,Malaysia,13-15,15
2023-01-01,Malaysia,13-15,6
2019-01-01,Johor,13-15,1
2020-01-01,Johor,13-15,1
2021-01-01,Johor,13-15,1
2022-01-01,Johor,13-15,1
2023-01-01,Johor,13-15,0
2019-01-01,Kedah,13-15,4
2020-01-01,Kedah,13-15,1
2021-01-01,Kedah,13-15,0
2022-01-01,Kedah,13-15,0
2023-01-01,Kedah,13-15,0
2019-01-01,Kelantan,13-15,5
2020-01-01,Kelantan,13-15,0
2021-01-01,Kelantan,13-15,5
2022-01-01,Kelantan,13-15,9
2023-01-01,Kelantan,13-15,4
2019-01-01,Melaka,13-15,0
2020-01-01,Melaka,13-15,0
2021-01-01,Melaka,13-15,0
2022-01-01,Melaka,13-15,0
2023-01-01,Melaka,13-15,0
2019-01-01,Negeri Sembilan,13-15,0
2020-01-01,Negeri Sembilan,13-15,1
2021-01-01,Negeri Sembilan,13-15,1
2022-01-01,Negeri Sembilan,13-15,0
2023-01-01,Negeri Sembilan,13-15,0
2019-01-01,Pahang,13-15,0
2020-01-01,Pahang,13-15,0
2021-01-01,Pahang,13-15,0
2022-01-01,Pahang,13-15,0
2023-01-01,Pahang,13-15,0
2019-01-01,Perak,13-15,2
2020-01-01,Perak,13-15,1
2021-01-01,Perak,13-15,3
2022-01-01,Perak,13-15,2
2023-01-01,Perak,13-15,2
2019-01-01,Perlis,13-15,1
2020-01-01,Perlis,13-15,2
2021-01-01,Perlis,13-15,0
2022-01-01,Perlis,13-15,0
2023-01-01,Perlis,13-15,0
2019-01-01,Pulau Pinang,13-15,0
2020-01-01,Pulau Pinang,13-15,0
2021-01-01,Pulau Pinang,13-15,1
2022-01-01,Pulau Pinang,13-15,0
2023-01-01,Pulau Pinang,13-15,0
2019-01-01,Sabah,13-15,1
2020-01-01,Sabah,13-15,0
2021-01-01,Sabah,13-15,0
2022-01-01,Sabah,13-15,0
2023-01-01,Sabah,13-15,0
2019-01-01,Sarawak,13-15,0
2020-01-01,Sarawak,13-15,0
2021-01-01,Sarawak,13-15,2
2022-01-01,Sarawak,13-15,2
2023-01-01,Sarawak,13-15,0
2019-01-01,Selangor,13-15,3
2020-01-01,Selangor,13-15,0
2021-01-01,Selangor,13-15,3
2022-01-01,Selangor,13-15,1
2023-01-01,Selangor,13-15,0
2019-01-01,Terengganu,13-15,6
2020-01-01,Terengganu,13-15,0
2021-01-01,Terengganu,13-15,0
2022-01-01,Terengganu,13-15,0
2023-01-01,Terengganu,13-15,0
2019-01-01,W.P. Kuala Lumpur,13-15,3
2020-01-01,W.P. Kuala Lumpur,13-15,1
2021-01-01,W.P. Kuala Lumpur,13-15,1
2022-01-01,W.P. Kuala Lumpur,13-15,0
2023-01-01,W.P. Kuala Lumpur,13-15,0
2019-01-01,W.P. Labuan,13-15,0
2020-01-01,W.P. Labuan,13-15,0
2021-01-01,W.P. Labuan,13-15,0
2019-01-01,W.P. Putrajaya,13-15,0
2020-01-01,W.P. Putrajaya,13-15,0
2021-01-01,W.P. Putrajaya,13-15,0
2022-01-01,W.P. Putrajaya,13-15,0
2023-01-01,W.P. Putrajaya,13-15,0
2015-01-01,Malaysia,16-19,1375
2016-01-01,Malaysia,16-19,1595
2017-01-01,Malaysia,16-19,1300
2018-01-01,Malaysia,16-19,1093
2019-01-01,Malaysia,16-19,975
2020-01-01,Malaysia,16-19,787
2021-01-01,Malaysia,16-19,540
2022-01-01,Malaysia,16-19,526
2023-01-01,Malaysia,16-19,360
2019-01-01,Johor,16-19,90
2020-01-01,Johor,16-19,80
2021-01-01,Johor,16-19,46
2022-01-01,Johor,16-19,43
2023-01-01,Johor,16-19,29
2019-01-01,Kedah,16-19,142
2020-01-01,Kedah,16-19,116
2021-01-01,Kedah,16-19,59
2022-01-01,Kedah,16-19,61
2023-01-01,Kedah,16-19,31
2019-01-01,Kelantan,16-19,112
2020-01-01,Kelantan,16-19,70
2021-01-01,Kelantan,16-19,91
2022-01-01,Kelantan,16-19,108
2023-01-01,Kelantan,16-19,90
2019-01-01,Melaka,16-19,14
2020-01-01,Melaka,16-19,27
2021-01-01,Melaka,16-19,12
2022-01-01,Melaka,16-19,12
2023-01-01,Melaka,16-19,0
2019-01-01,Negeri Sembilan,16-19,43
2020-01-01,Negeri Sembilan,16-19,30
2021-01-01,Negeri Sembilan,16-19,18
2022-01-01,Negeri Sembilan,16-19,8
2023-01-01,Negeri Sembilan,16-19,7
2019-01-01,Pahang,16-19,55
2020-01-01,Pahang,16-19,39
2021-01-01,Pahang,16-19,27
2022-01-01,Pahang,16-19,20
2023-01-01,Pahang,16-19,30
2019-01-01,Perak,16-19,82
2020-01-01,Perak,16-19,51
2021-01-01,Perak,16-19,47
2022-01-01,Perak,16-19,47
2023-01-01,Perak,16-19,31
2019-01-01,Perlis,16-19,18
2020-01-01,Perlis,16-19,22
2021-01-01,Perlis,16-19,7
2022-01-01,Perlis,16-19,12
2023-01-01,Perlis,16-19,6
2019-01-01,Pulau Pinang,16-19,69
2020-01-01,Pulau Pinang,16-19,59
2021-01-01,Pulau Pinang,16-19,48
2022-01-01,Pulau Pinang,16-19,46
2023-01-01,Pulau Pinang,16-19,29
2019-01-01,Sabah,16-19,62
2020-01-01,Sabah,16-19,39
2021-01-01,Sabah,16-19,12
2022-01-01,Sabah,16-19,17
2023-01-01,Sabah,16-19,18
2019-01-01,Sarawak,16-19,34
2020-01-01,Sarawak,16-19,36
2021-01-01,Sarawak,16-19,32
2022-01-01,Sarawak,16-19,40
2023-01-01,Sarawak,16-19,18
2019-01-01,Selangor,16-19,103
2020-01-01,Selangor,16-19,86
2021-01-01,Selangor,16-19,58
2022-01-01,Selangor,16-19,56
2023-01-01,Selangor,16-19,26
2019-01-01,Terengganu,16-19,96
2020-01-01,Terengganu,16-19,59
2021-01-01,Terengganu,16-19,45
2022-01-01,Terengganu,16-19,38
2023-01-01,Terengganu,16-19,31
2019-01-01,W.P. Kuala Lumpur,16-19,51
2020-01-01,W.P. Kuala Lumpur,16-19,69
2021-01-01,W.P. Kuala Lumpur,16-19,34
2022-01-01,W.P. Kuala Lumpur,16-19,17
2023-01-01,W.P. Kuala Lumpur,16-19,13
2019-01-01,W.P. Labuan,16-19,3
2020-01-01,W.P. Labuan,16-19,2
2021-01-01,W.P. Labuan,16-19,1
2019-01-01,W.P. Putrajaya,16-19,1
2020-01-01,W.P. Putrajaya,16-19,2
2021-01-01,W.P. Putrajaya,16-19,3
2022-01-01,W.P. Putrajaya,16-19,1
2023-01-01,W.P. Putrajaya,16-19,0
2015-01-01,Malaysia,20-24,4986
2016-01-01,Malaysia,20-24,5572
2017-01-01,Malaysia,20-24,4706
2018-01-01,Malaysia,20-24,4435
2019-01-01,Malaysia,20-24,4449
2020-01-01,Malaysia,20-24,3418
2021-01-01,Malaysia,20-24,2920
2022-01-01,Malaysia,20-24,2970
2023-01-01,Malaysia,20-24,2739
2019-01-01,Johor,20-24,432
2020-01-01,Johor,20-24,462
2021-01-01,Johor,20-24,344
2022-01-01,Johor,20-24,271
2023-01-01,Johor,20-24,263
2019-01-01,Kedah,20-24,638
2020-01-01,Kedah,20-24,409
2021-01-01,Kedah,20-24,381
2022-01-01,Kedah,20-24,385
2023-01-01,Kedah,20-24,374
2019-01-01,Kelantan,20-24,454
2020-01-01,Kelantan,20-24,350
2021-01-01,Kelantan,20-24,386
2022-01-01,Kelantan,20-24,341
2023-01-01,Kelantan,20-24,350
2019-01-01,Melaka,20-24,112
2020-01-01,Melaka,20-24,138
2021-01-01,Melaka,20-24,77
2022-01-01,Melaka,20-24,54
2023-01-01,Melaka,20-24,56
2019-01-01,Negeri Sembilan,20-24,269
2020-01-01,Negeri Sembilan,20-24,145
2021-01-01,Negeri Sembilan,20-24,121
2022-01-01,Negeri Sembilan,20-24,99
2023-01-01,Negeri Sembilan,20-24,100
2019-01-01,Pahang,20-24,291
2020-01-01,Pahang,20-24,210
2021-01-01,Pahang,20-24,158
2022-01-01,Pahang,20-24,156
2023-01-01,Pahang,20-24,244
2019-01-01,Perak,20-24,320
2020-01-01,Perak,20-24,270
2021-01-01,Perak,20-24,232
2022-01-01,Perak,20-24,280
2023-01-01,Perak,20-24,180
2019-01-01,Perlis,20-24,67
2020-01-01,Perlis,20-24,67
2021-01-01,Perlis,20-24,45
2022-01-01,Perlis,20-24,85
2023-01-01,Perlis,20-24,69
2019-01-01,Pulau Pinang,20-24,425
2020-01-01,Pulau Pinang,20-24,291
2021-01-01,Pulau Pinang,20-24,199
2022-01-01,Pulau Pinang,20-24,290
2023-01-01,Pulau Pinang,20-24,212
2019-01-01,Sabah,20-24,259
2020-01-01,Sabah,20-24,100
2021-01-01,Sabah,20-24,104
2022-01-01,Sabah,20-24,100
2023-01-01,Sabah,20-24,78
2019-01-01,Sarawak,20-24,199
2020-01-01,Sarawak,20-24,161
2021-01-01,Sarawak,20-24,143
2022-01-01,Sarawak,20-24,213
2023-01-01,Sarawak,20-24,217
2019-01-01,Selangor,20-24,433
2020-01-01,Selangor,20-24,332
2021-01-01,Selangor,20-24,306
2022-01-01,Selangor,20-24,324
2023-01-01,Selangor,20-24,255
2019-01-01,Terengganu,20-24,322
2020-01-01,Terengganu,20-24,274
2021-01-01,Terengganu,20-24,272
2022-01-01,Terengganu,20-24,226
2023-01-01,Terengganu,20-24,207
2019-01-01,W.P. Kuala Lumpur,20-24,185
2020-01-01,W.P. Kuala Lumpur,20-24,181
2021-01-01,W.P. Kuala Lumpur,20-24,131
2022-01-01,W.P. Kuala Lumpur,20-24,129
2023-01-01,W.P. Kuala Lumpur,20-24,120
2019-01-01,W.P. Labuan,20-24,31
2020-01-01,W.P. Labuan,20-24,17
2021-01-01,W.P. Labuan,20-24,3
2019-01-01,W.P. Putrajaya,20-24,12
2020-01-01,W.P. Putrajaya,20-24,11
2021-01-01,W.P. Putrajaya,20-24,18
2022-01-01,W.P. Putrajaya,20-24,7
2023-01-01,W.P. Putrajaya,20-24,8
2015-01-01,Malaysia,25-29,4977
2016-01-01,Malaysia,25-29,5719
2017-01-01,Malaysia,25-29,4735
2018-01-01,Malaysia,25-29,4621
2019-01-01,Malaysia,25-29,4895
2020-01-01,Malaysia,25-29,3926
2021-01-01,Malaysia,25-29,3594
2022-01-01,Malaysia,25-29,4230
2023-01-01,Malaysia,25-29,4256
2019-01-01,Johor,25-29,481
2020-01-01,Johor,25-29,482
2021-01-01,Johor,25-29,414
2022-01-01,Johor,25-29,463
2023-01-01,Johor,25-29,446
2019-01-01,Kedah,25-29,675
2020-01-01,Kedah,25-29,544
2021-01-01,Kedah,25-29,456
2022-01-01,Kedah,25-29,573
2023-01-01,Kedah,25-29,579
2019-01-01,Kelantan,25-29,603
2020-01-01,Kelantan,25-29,465
2021-01-01,Kelantan,25-29,431
2022-01-01,Kelantan,25-29,434
2023-01-01,Kelantan,25-29,467
2019-01-01,Melaka,25-29,144
2020-01-01,Melaka,25-29,158
2021-01-01,Melaka,25-29,102
2022-01-01,Melaka,25-29,102
2023-01-01,Melaka,25-29,87
2019-01-01,Negeri Sembilan,25-29,243
2020-01-01,Negeri Sembilan,25-29,152
2021-01-01,Negeri Sembilan,25-29,139
2022-01-01,Negeri Sembilan,25-29,147
2023-01-01,Negeri Sembilan,25-29,161
2019-01-01,Pahang,25-29,294
2020-01-01,Pahang,25-29,272
2021-01-01,Pahang,25-29,181
2022-01-01,Pahang,25-29,248
2023-01-01,Pahang,25-29,329
2019-01-01,Perak,25-29,381
2020-01-01,Perak,25-29,321
2021-01-01,Perak,25-29,290
2022-01-01,Perak,25-29,383
2023-01-01,Perak,25-29,310
2019-01-01,Perlis,25-29,73
2020-01-01,Perlis,25-29,51
2021-01-01,Perlis,25-29,56
2022-01-01,Perlis,25-29,107
2023-01-01,Perlis,25-29,115
2019-01-01,Pulau Pinang,25-29,445
2020-01-01,Pulau Pinang,25-29,246
2021-01-01,Pulau Pinang,25-29,255
2022-01-01,Pulau Pinang,25-29,386
2023-01-01,Pulau Pinang,25-29,315
2019-01-01,Sabah,25-29,311
2020-01-01,Sabah,25-29,178
2021-01-01,Sabah,25-29,133
2022-01-01,Sabah,25-29,140
2023-01-01,Sabah,25-29,122
2019-01-01,Sarawak,25-29,214
2020-01-01,Sarawak,25-29,144
2021-01-01,Sarawak,25-29,154
2022-01-01,Sarawak,25-29,296
2023-01-01,Sarawak,25-29,347
2019-01-01,Selangor,25-29,432
2020-01-01,Selangor,25-29,327
2021-01-01,Selangor,25-29,414
2022-01-01,Selangor,25-29,432
2023-01-01,Selangor,25-29,430
2019-01-01,Terengganu,25-29,423
2020-01-01,Terengganu,25-29,403
2021-01-01,Terengganu,25-29,389
2022-01-01,Terengganu,25-29,343
2023-01-01,Terengganu,25-29,347
2019-01-01,W.P. Kuala Lumpur,25-29,138
2020-01-01,W.P. Kuala Lumpur,25-29,159
2021-01-01,W.P. Kuala Lumpur,25-29,164
2022-01-01,W.P. Kuala Lumpur,25-29,144
2023-01-01,W.P. Kuala Lumpur,25-29,184
2019-01-01,W.P. Labuan,25-29,26
2020-01-01,W.P. Labuan,25-29,20
2021-01-01,W.P. Labuan,25-29,7
2019-01-01,W.P. Putrajaya,25-29,12
2020-01-01,W.P. Putrajaya,25-29,4
2021-01-01,W.P. Putrajaya,25-29,9
2022-01-01,W.P. Putrajaya,25-29,12
2023-01-01,W.P. Putrajaya,25-29,7
2015-01-01,Malaysia,30-34,4936
2016-01-01,Malaysia,30-34,5849
2017-01-01,Malaysia,30-34,4820
2018-01-01,Malaysia,30-34,4871
2019-01-01,Malaysia,30-34,4710
2020-01-01,Malaysia,30-34,3728
2021-01-01,Malaysia,30-34,3274
2022-01-01,Malaysia,30-34,4074
2023-01-01,Malaysia,30-34,4408
2019-01-01,Johor,30-34,419
2020-01-01,Johor,30-34,460
2021-01-01,Johor,30-34,395
2022-01-01,Johor,30-34,499
2023-01-01,Johor,30-34,484
2019-01-01,Kedah,30-34,680
2020-01-01,Kedah,30-34,455
2021-01-01,Kedah,30-34,400
2022-01-01,Kedah,30-34,492
2023-01-01,Kedah,30-34,566
2019-01-01,Kelantan,30-34,583
2020-01-01,Kelantan,30-34,403
2021-01-01,Kelantan,30-34,401
2022-01-01,Kelantan,30-34,405
2023-01-01,Kelantan,30-34,520
2019-01-01,Melaka,30-34,160
2020-01-01,Melaka,30-34,130
2021-01-01,Melaka,30-34,92
2022-01-01,Melaka,30-34,86
2023-01-01,Melaka,30-34,86
2019-01-01,Negeri Sembilan,30-34,216
2020-01-01,Negeri Sembilan,30-34,133
2021-01-01,Negeri Sembilan,30-34,129
2022-01-01,Negeri Sembilan,30-34,167
2023-01-01,Negeri Sembilan,30-34,158
2019-01-01,Pahang,30-34,316
2020-01-01,Pahang,30-34,263
2021-01-01,Pahang,30-34,169
2022-01-01,Pahang,30-34,240
2023-01-01,Pahang,30-34,335
2019-01-01,Perak,30-34,347
2020-01-01,Perak,30-34,360
2021-01-01,Perak,30-34,264
2022-01-01,Perak,30-34,393
2023-01-01,Perak,30-34,399
2019-01-01,Perlis,30-34,54
2020-01-01,Perlis,30-34,63
2021-01-01,Perlis,30-34,42
2022-01-01,Perlis,30-34,73
2023-01-01,Perlis,30-34,81
2019-01-01,Pulau Pinang,30-34,430
2020-01-01,Pulau Pinang,30-34,277
2021-01-01,Pulau Pinang,30-34,222
2022-01-01,Pulau Pinang,30-34,327
2023-01-01,Pulau Pinang,30-34,322
2019-01-01,Sabah,30-34,328
2020-01-01,Sabah,30-34,148
2021-01-01,Sabah,30-34,130
2022-01-01,Sabah,30-34,126
2023-01-01,Sabah,30-34,100
2019-01-01,Sarawak,30-34,180
2020-01-01,Sarawak,30-34,123
2021-01-01,Sarawak,30-34,137
2022-01-01,Sarawak,30-34,245
2023-01-01,Sarawak,30-34,325
2019-01-01,Selangor,30-34,401
2020-01-01,Selangor,30-34,321
2021-01-01,Selangor,30-34,341
2022-01-01,Selangor,30-34,426
2023-01-01,Selangor,30-34,434
2019-01-01,Terengganu,30-34,404
2020-01-01,Terengganu,30-34,432
2021-01-01,Terengganu,30-34,378
2022-01-01,Terengganu,30-34,414
2023-01-01,Terengganu,30-34,414
2019-01-01,W.P. Kuala Lumpur,30-34,154
2020-01-01,W.P. Kuala Lumpur,30-34,142
2021-01-01,W.P. Kuala Lumpur,30-34,151
2022-01-01,W.P. Kuala Lumpur,30-34,164
2023-01-01,W.P. Kuala Lumpur,30-34,172
2019-01-01,W.P. Labuan,30-34,31
2020-01-01,W.P. Labuan,30-34,11
2021-01-01,W.P. Labuan,30-34,6
2019-01-01,W.P. Putrajaya,30-34,7
2020-01-01,W.P. Putrajaya,30-34,7
2021-01-01,W.P. Putrajaya,30-34,17
2022-01-01,W.P. Putrajaya,30-34,5
2023-01-01,W.P. Putrajaya,30-34,6
2015-01-01,Malaysia,35-39,3976
2016-01-01,Malaysia,35-39,4715
2017-01-01,Malaysia,35-39,3884
2018-01-01,Malaysia,35-39,3905
2019-01-01,Malaysia,35-39,4368
2020-01-01,Malaysia,35-39,3546
2021-01-01,Malaysia,35-39,3177
2022-01-01,Malaysia,35-39,4279
2023-01-01,Malaysia,35-39,4365
2019-01-01,Johor,35-39,388
2020-01-01,Johor,35-39,484
2021-01-01,Johor,35-39,379
2022-01-01,Johor,35-39,521
2023-01-01,Johor,35-39,601
2019-01-01,Kedah,35-39,618
2020-01-01,Kedah,35-39,370
2021-01-01,Kedah,35-39,373
2022-01-01,Kedah,35-39,478
2023-01-01,Kedah,35-39,435
2019-01-01,Kelantan,35-39,512
2020-01-01,Kelantan,35-39,428
2021-01-01,Kelantan,35-39,356
2022-01-01,Kelantan,35-39,436
2023-01-01,Kelantan,35-39,465
2019-01-01,Melaka,35-39,140
2020-01-01,Melaka,35-39,138
2021-01-01,Melaka,35-39,89
2022-01-01,Melaka,35-39,108
2023-01-01,Melaka,35-39,75
2019-01-01,Negeri Sembilan,35-39,174
2020-01-01,Negeri Sembilan,35-39,150
2021-01-01,Negeri Sembilan,35-39,115
2022-01-01,Negeri Sembilan,35-39,178
2023-01-01,Negeri Sembilan,35-39,157
2019-01-01,Pahang,35-39,308
2020-01-01,Pahang,35-39,265
2021-01-01,Pahang,35-39,196
2022-01-01,Pahang,35-39,274
2023-01-01,Pahang,35-39,377
2019-01-01,Perak,35-39,333
2020-01-01,Perak,35-39,314
2021-01-01,Perak,35-39,297
2022-01-01,Perak,35-39,402
2023-01-01,Perak,35-39,398
2019-01-01,Perlis,35-39,48
2020-01-01,Perlis,35-39,37
2021-01-01,Perlis,35-39,38
2022-01-01,Perlis,35-39,84
2023-01-01,Perlis,35-39,76
2019-01-01,Pulau Pinang,35-39,456
2020-01-01,Pulau Pinang,35-39,244
2021-01-01,Pulau Pinang,35-39,171
2022-01-01,Pulau Pinang,35-39,321
2023-01-01,Pulau Pinang,35-39,316
2019-01-01,Sabah,35-39,267
2020-01-01,Sabah,35-39,160
2021-01-01,Sabah,35-39,116
2022-01-01,Sabah,35-39,146
2023-01-01,Sabah,35-39,138
2019-01-01,Sarawak,35-39,116
2020-01-01,Sarawak,35-39,97
2021-01-01,Sarawak,35-39,131
2022-01-01,Sarawak,35-39,200
2023-01-01,Sarawak,35-39,255
2019-01-01,Selangor,35-39,420
2020-01-01,Selangor,35-39,257
2021-01-01,Selangor,35-39,348
2022-01-01,Selangor,35-39,494
2023-01-01,Selangor,35-39,457
2019-01-01,Terengganu,35-39,383
2020-01-01,Terengganu,35-39,424
2021-01-01,Terengganu,35-39,405
2022-01-01,Terengganu,35-39,461
2023-01-01,Terengganu,35-39,426
2019-01-01,W.P. Kuala Lumpur,35-39,178
2020-01-01,W.P. Kuala Lumpur,35-39,156
2021-01-01,W.P. Kuala Lumpur,35-39,134
2022-01-01,W.P. Kuala Lumpur,35-39,143
2023-01-01,W.P. Kuala Lumpur,35-39,172
2019-01-01,W.P. Labuan,35-39,20
2020-01-01,W.P. Labuan,35-39,15
2021-01-01,W.P. Labuan,35-39,18
2019-01-01,W.P. Putrajaya,35-39,7
2020-01-01,W.P. Putrajaya,35-39,7
2021-01-01,W.P. Putrajaya,35-39,11
2022-01-01,W.P. Putrajaya,35-39,16
2023-01-01,W.P. Putrajaya,35-39,4
2015-01-01,Malaysia,40+,6373
2016-01-01,Malaysia,40+,7309
2017-01-01,Malaysia,40+,6405
2018-01-01,Malaysia,40+,6300
2019-01-01,Malaysia,40+,6657
2020-01-01,Malaysia,40+,5231
2021-01-01,Malaysia,40+,4683
2022-01-01,Malaysia,40+,7423
2023-01-01,Malaysia,40+,8052
2019-01-01,Johor,40+,560
2020-01-01,Johor,40+,595
2021-01-01,Johor,40+,502
2022-01-01,Johor,40+,876
2023-01-01,Johor,40+,1024
2019-01-01,Kedah,40+,825
2020-01-01,Kedah,40+,477
2021-01-01,Kedah,40+,527
2022-01-01,Kedah,40+,735
2023-01-01,Kedah,40+,693
2019-01-01,Kelantan,40+,729
2020-01-01,Kelantan,40+,555
2021-01-01,Kelantan,40+,497
2022-01-01,Kelantan,40+,606
2023-01-01,Kelantan,40+,693
2019-01-01,Melaka,40+,249
2020-01-01,Melaka,40+,238
2021-01-01,Melaka,40+,167
2022-01-01,Melaka,40+,193
2023-01-01,Melaka,40+,163
2019-01-01,Negeri Sembilan,40+,299
2020-01-01,Negeri Sembilan,40+,201
2021-01-01,Negeri Sembilan,40+,186
2022-01-01,Negeri Sembilan,40+,370
2023-01-01,Negeri Sembilan,40+,283
2019-01-01,Pahang,40+,408
2020-01-01,Pahang,40+,346
2021-01-01,Pahang,40+,246
2022-01-01,Pahang,40+,454
2023-01-01,Pahang,40+,632
2019-01-01,Perak,40+,581
2020-01-01,Perak,40+,504
2021-01-01,Perak,40+,504
2022-01-01,Perak,40+,869
2023-01-01,Perak,40+,902
2019-01-01,Perlis,40+,55
2020-01-01,Perlis,40+,39
2021-01-01,Perlis,40+,25
2022-01-01,Perlis,40+,68
2023-01-01,Perlis,40+,112
2019-01-01,Pulau Pinang,40+,1068
2020-01-01,Pulau Pinang,40+,610
2021-01-01,Pulau Pinang,40+,462
2022-01-01,Pulau Pinang,40+,877
2023-01-01,Pulau Pinang,40+,895
2019-01-01,Sabah,40+,346
2020-01-01,Sabah,40+,209
2021-01-01,Sabah,40+,149
2022-01-01,Sabah,40+,174
2023-01-01,Sabah,40+,167
2019-01-01,Sarawak,40+,109
2020-01-01,Sarawak,40+,73
2021-01-01,Sarawak,40+,113
2022-01-01,Sarawak,40+,219
2023-01-01,Sarawak,40+,323
2019-01-01,Selangor,40+,593
2020-01-01,Selangor,40+,389
2021-01-01,Selangor,40+,493
2022-01-01,Selangor,40+,820
2023-01-01,Selangor,40+,896
2019-01-01,Terengganu,40+,489
2020-01-01,Terengganu,40+,648
2021-01-01,Terengganu,40+,544
2022-01-01,Terengganu,40+,755
2023-01-01,Terengganu,40+,831
2019-01-01,W.P. Kuala Lumpur,40+,314
2020-01-01,W.P. Kuala Lumpur,40+,316
2021-01-01,W.P. Kuala Lumpur,40+,242
2022-01-01,W.P. Kuala Lumpur,40+,383
2023-01-01,W.P. Kuala Lumpur,40+,413
2019-01-01,W.P. Labuan,40+,28
2020-01-01,W.P. Labuan,40+,25
2021-01-01,W.P. Labuan,40+,13
2019-01-01,W.P. Putrajaya,40+,4
2020-01-01,W.P. Putrajaya,40+,6
2021-01-01,W.P. Putrajaya,40+,13
2022-01-01,W.P. Putrajaya,40+,5
2023-01-01,W.P. Putrajaya,40+,9
