year,state,jobs,addicts
2016-01-01,Malaysia,total,30844
2017-01-01,Malaysia,total,25922
2018-01-01,Malaysia,total,25267
2019-01-01,Malaysia,total,26080
2020-01-01,Malaysia,total,20643
2021-01-01,Malaysia,total,28209
2022-01-01,Malaysia,total,37803
2023-01-01,Malaysia,total,24186
2020-01-01,Johor,total,2564
2021-01-01,Johor,total,3482
2022-01-01,Johor,total,4537
2023-01-01,Johor,total,2847
2020-01-01,Kedah,total,2372
2021-01-01,Kedah,total,3093
2022-01-01,Kedah,total,4359
2023-01-01,Kedah,total,2678
2020-01-01,Kelantan,total,2271
2021-01-01,Kelantan,total,2878
2022-01-01,Kelantan,total,3338
2023-01-01,Kelantan,total,2589
2020-01-01,Melaka,total,829
2021-01-01,Melaka,total,824
2022-01-01,Melaka,total,858
2023-01-01,Melaka,total,467
2020-01-01,Negeri Sembilan,total,812
2021-01-01,Negeri Sembilan,total,1198
2022-01-01,Negeri Sembilan,total,1655
2023-01-01,Negeri Sembilan,total,866
2020-01-01,Pahang,total,1395
2021-01-01,Pahang,total,1614
2022-01-01,Pahang,total,2277
2023-01-01,Pahang,total,1947
2020-01-01,Perak,total,1821
2021-01-01,Perak,total,2522
2022-01-01,Perak,total,3697
2023-01-01,Perak,total,2222
2020-01-01,Perlis,total,281
2021-01-01,Perlis,total,366
2022-01-01,Perlis,total,757
2023-01-01,Perlis,total,459
2020-01-01,Pulau Pinang,total,1727
2021-01-01,Pulau Pinang,total,2128
2022-01-01,Pulau Pinang,total,3609
2023-01-01,Pulau Pinang,total,2089
2020-01-01,Sabah,total,834
2021-01-01,Sabah,total,1053
2022-01-01,Sabah,total,1235
2023-01-01,Sabah,total,623
2020-01-01,Sarawak,total,634
2021-01-01,Sarawak,total,1047
2022-01-01,Sarawak,total,1895
2023-01-01,Sarawak,total,1485
2020-01-01,Selangor,total,1712
2021-01-01,Selangor,total,3328
2022-01-01,Selangor,total,4552
2023-01-01,Selangor,total,2498
2020-01-01,Terengganu,total,2240
2021-01-01,Terengganu,total,2975
2022-01-01,Terengganu,total,3188
2023-01-01,Terengganu,total,2256
2020-01-01,W.P. Kuala Lumpur,total,1024
2021-01-01,W.P. Kuala Lumpur,total,1482
2022-01-01,W.P. Kuala Lumpur,total,1692
2023-01-01,W.P. Kuala Lumpur,total,1074
2020-01-01,W.P. Labuan,total,90
2021-01-01,W.P. Labuan,total,74
2022-01-01,W.P. Labuan,total,124
2023-01-01,W.P. Labuan,total,52
2020-01-01,W.P. Putrajaya,total,37
2021-01-01,W.P. Putrajaya,total,127
2022-01-01,W.P. Putrajaya,total,82
2023-01-01,W.P. Putrajaya,total,34
2016-01-01,Malaysia,binaan,453
2017-01-01,Malaysia,binaan,297
2018-01-01,Malaysia,binaan,303
2019-01-01,Malaysia,binaan,311
2020-01-01,Malaysia,binaan,286
2021-01-01,Malaysia,binaan,335
2022-01-01,Malaysia,binaan,345
2023-01-01,Malaysia,binaan,
2020-01-01,Johor,binaan,12
2021-01-01,Johor,binaan,43
2022-01-01,Johor,binaan,58
2023-01-01,Johor,binaan,
2020-01-01,Kedah,binaan,15
2021-01-01,Kedah,binaan,19
2022-01-01,Kedah,binaan,39
2023-01-01,Kedah,binaan,
2020-01-01,Kelantan,binaan,50
2021-01-01,Kelantan,binaan,72
2022-01-01,Kelantan,binaan,64
2023-01-01,Kelantan,binaan,
2020-01-01,Melaka,binaan,9
2021-01-01,Melaka,binaan,8
2022-01-01,Melaka,binaan,6
2023-01-01,Melaka,binaan,
2020-01-01,Negeri Sembilan,binaan,15
2021-01-01,Negeri Sembilan,binaan,14
2022-01-01,Negeri Sembilan,binaan,9
2023-01-01,Negeri Sembilan,binaan,
2020-01-01,Pahang,binaan,27
2021-01-01,Pahang,binaan,21
2022-01-01,Pahang,binaan,19
2023-01-01,Pahang,binaan,
2020-01-01,Perak,binaan,38
2021-01-01,Perak,binaan,34
2022-01-01,Perak,binaan,42
2023-01-01,Perak,binaan,
2020-01-01,Perlis,binaan,26
2021-01-01,Perlis,binaan,14
2022-01-01,Perlis,binaan,11
2023-01-01,Perlis,binaan,
2020-01-01,Pulau Pinang,binaan,3
2021-01-01,Pulau Pinang,binaan,9
2022-01-01,Pulau Pinang,binaan,11
2023-01-01,Pulau Pinang,binaan,
2020-01-01,Sabah,binaan,5
2021-01-01,Sabah,binaan,7
2022-01-01,Sabah,binaan,5
2023-01-01,Sabah,binaan,
2020-01-01,Sarawak,binaan,11
2021-01-01,Sarawak,binaan,11
2022-01-01,Sarawak,binaan,23
2023-01-01,Sarawak,binaan,
2020-01-01,Selangor,binaan,22
2021-01-01,Selangor,binaan,39
2022-01-01,Selangor,binaan,32
2023-01-01,Selangor,binaan,
2020-01-01,Terengganu,binaan,44
2021-01-01,Terengganu,binaan,39
2022-01-01,Terengganu,binaan,16
2023-01-01,Terengganu,binaan,
2020-01-01,W.P. Kuala Lumpur,binaan,6
2021-01-01,W.P. Kuala Lumpur,binaan,5
2022-01-01,W.P. Kuala Lumpur,binaan,10
2023-01-01,W.P. Kuala Lumpur,binaan,
2020-01-01,W.P. Labuan,binaan,2
2021-01-01,W.P. Labuan,binaan,
2022-01-01,W.P. Labuan,binaan,
2023-01-01,W.P. Labuan,binaan,
2020-01-01,W.P. Putrajaya,binaan,1
2021-01-01,W.P. Putrajaya,binaan,
2022-01-01,W.P. Putrajaya,binaan,
2023-01-01,W.P. Putrajaya,binaan,
2016-01-01,Malaysia,buruh am,5232
2017-01-01,Malaysia,buruh am,5416
2018-01-01,Malaysia,buruh am,5621
2019-01-01,Malaysia,buruh am,5819
2020-01-01,Malaysia,buruh am,4458
2021-01-01,Malaysia,buruh am,4191
2022-01-01,Malaysia,buruh am,5808
2023-01-01,Malaysia,buruh am,6250
2020-01-01,Johor,buruh am,315
2021-01-01,Johor,buruh am,249
2022-01-01,Johor,buruh am,452
2023-01-01,Johor,buruh am,408
2020-01-01,Kedah,buruh am,436
2021-01-01,Kedah,buruh am,414
2022-01-01,Kedah,buruh am,623
2023-01-01,Kedah,buruh am,749
2020-01-01,Kelantan,buruh am,1149
2021-01-01,Kelantan,buruh am,1203
2022-01-01,Kelantan,buruh am,1139
2023-01-01,Kelantan,buruh am,1142
2020-01-01,Melaka,buruh am,263
2021-01-01,Melaka,buruh am,183
2022-01-01,Melaka,buruh am,196
2023-01-01,Melaka,buruh am,189
2020-01-01,Negeri Sembilan,buruh am,145
2021-01-01,Negeri Sembilan,buruh am,119
2022-01-01,Negeri Sembilan,buruh am,188
2023-01-01,Negeri Sembilan,buruh am,136
2020-01-01,Pahang,buruh am,306
2021-01-01,Pahang,buruh am,211
2022-01-01,Pahang,buruh am,370
2023-01-01,Pahang,buruh am,556
2020-01-01,Perak,buruh am,405
2021-01-01,Perak,buruh am,339
2022-01-01,Perak,buruh am,611
2023-01-01,Perak,buruh am,650
2020-01-01,Perlis,buruh am,53
2021-01-01,Perlis,buruh am,55
2022-01-01,Perlis,buruh am,88
2023-01-01,Perlis,buruh am,78
2020-01-01,Pulau Pinang,buruh am,120
2021-01-01,Pulau Pinang,buruh am,141
2022-01-01,Pulau Pinang,buruh am,303
2023-01-01,Pulau Pinang,buruh am,368
2020-01-01,Sabah,buruh am,115
2021-01-01,Sabah,buruh am,53
2022-01-01,Sabah,buruh am,87
2023-01-01,Sabah,buruh am,81
2020-01-01,Sarawak,buruh am,98
2021-01-01,Sarawak,buruh am,135
2022-01-01,Sarawak,buruh am,256
2023-01-01,Sarawak,buruh am,320
2020-01-01,Selangor,buruh am,206
2021-01-01,Selangor,buruh am,199
2022-01-01,Selangor,buruh am,319
2023-01-01,Selangor,buruh am,350
2020-01-01,Terengganu,buruh am,751
2021-01-01,Terengganu,buruh am,819
2022-01-01,Terengganu,buruh am,1067
2023-01-01,Terengganu,buruh am,1119
2020-01-01,W.P. Kuala Lumpur,buruh am,79
2021-01-01,W.P. Kuala Lumpur,buruh am,66
2022-01-01,W.P. Kuala Lumpur,buruh am,94
2023-01-01,W.P. Kuala Lumpur,buruh am,93
2020-01-01,W.P. Labuan,buruh am,17
2021-01-01,W.P. Labuan,buruh am,5
2022-01-01,W.P. Labuan,buruh am,15
2023-01-01,W.P. Labuan,buruh am,10
2020-01-01,W.P. Putrajaya,buruh am,
2021-01-01,W.P. Putrajaya,buruh am,
2022-01-01,W.P. Putrajaya,buruh am,
2023-01-01,W.P. Putrajaya,buruh am,1
2016-01-01,Malaysia,hiburan,27
2017-01-01,Malaysia,hiburan,41
2018-01-01,Malaysia,hiburan,19
2019-01-01,Malaysia,hiburan,30
2020-01-01,Malaysia,hiburan,20
2021-01-01,Malaysia,hiburan,10
2022-01-01,Malaysia,hiburan,23
2023-01-01,Malaysia,hiburan,
2020-01-01,Johor,hiburan,4
2021-01-01,Johor,hiburan,
2022-01-01,Johor,hiburan,2
2023-01-01,Johor,hiburan,
2020-01-01,Kedah,hiburan,
2021-01-01,Kedah,hiburan,
2022-01-01,Kedah,hiburan,
2023-01-01,Kedah,hiburan,
2020-01-01,Kelantan,hiburan,
2021-01-01,Kelantan,hiburan,1
2022-01-01,Kelantan,hiburan,1
2023-01-01,Kelantan,hiburan,
2020-01-01,Melaka,hiburan,1
2021-01-01,Melaka,hiburan,
2022-01-01,Melaka,hiburan,
2023-01-01,Melaka,hiburan,
2020-01-01,Negeri Sembilan,hiburan,1
2021-01-01,Negeri Sembilan,hiburan,
2022-01-01,Negeri Sembilan,hiburan,
2023-01-01,Negeri Sembilan,hiburan,
2020-01-01,Pahang,hiburan,
2021-01-01,Pahang,hiburan,
2022-01-01,Pahang,hiburan,2
2023-01-01,Pahang,hiburan,
2020-01-01,Perak,hiburan,2
2021-01-01,Perak,hiburan,1
2022-01-01,Perak,hiburan,2
2023-01-01,Perak,hiburan,
2020-01-01,Perlis,hiburan,
2021-01-01,Perlis,hiburan,
2022-01-01,Perlis,hiburan,1
2023-01-01,Perlis,hiburan,
2020-01-01,Pulau Pinang,hiburan,1
2021-01-01,Pulau Pinang,hiburan,1
2022-01-01,Pulau Pinang,hiburan,1
2023-01-01,Pulau Pinang,hiburan,
2020-01-01,Sabah,hiburan,1
2021-01-01,Sabah,hiburan,
2022-01-01,Sabah,hiburan,
2023-01-01,Sabah,hiburan,
2020-01-01,Sarawak,hiburan,1
2021-01-01,Sarawak,hiburan,1
2022-01-01,Sarawak,hiburan,1
2023-01-01,Sarawak,hiburan,
2020-01-01,Selangor,hiburan,6
2021-01-01,Selangor,hiburan,4
2022-01-01,Selangor,hiburan,9
2023-01-01,Selangor,hiburan,
2020-01-01,Terengganu,hiburan,1
2021-01-01,Terengganu,hiburan,1
2022-01-01,Terengganu,hiburan,
2023-01-01,Terengganu,hiburan,
2020-01-01,W.P. Kuala Lumpur,hiburan,2
2021-01-01,W.P. Kuala Lumpur,hiburan,1
2022-01-01,W.P. Kuala Lumpur,hiburan,4
2023-01-01,W.P. Kuala Lumpur,hiburan,
2020-01-01,W.P. Labuan,hiburan,
2021-01-01,W.P. Labuan,hiburan,
2022-01-01,W.P. Labuan,hiburan,
2023-01-01,W.P. Labuan,hiburan,
2020-01-01,W.P. Putrajaya,hiburan,
2021-01-01,W.P. Putrajaya,hiburan,
2022-01-01,W.P. Putrajaya,hiburan,
2023-01-01,W.P. Putrajaya,hiburan,
2016-01-01,Malaysia,jualan,2101
2017-01-01,Malaysia,jualan,1708
2018-01-01,Malaysia,jualan,1607
2019-01-01,Malaysia,jualan,1825
2020-01-01,Malaysia,jualan,1513
2021-01-01,Malaysia,jualan,1310
2022-01-01,Malaysia,jualan,1727
2023-01-01,Malaysia,jualan,
2020-01-01,Johor,jualan,167
2021-01-01,Johor,jualan,137
2022-01-01,Johor,jualan,213
2023-01-01,Johor,jualan,
2020-01-01,Kedah,jualan,185
2021-01-01,Kedah,jualan,137
2022-01-01,Kedah,jualan,192
2023-01-01,Kedah,jualan,
2020-01-01,Kelantan,jualan,114
2021-01-01,Kelantan,jualan,135
2022-01-01,Kelantan,jualan,153
2023-01-01,Kelantan,jualan,
2020-01-01,Melaka,jualan,86
2021-01-01,Melaka,jualan,54
2022-01-01,Melaka,jualan,57
2023-01-01,Melaka,jualan,
2020-01-01,Negeri Sembilan,jualan,89
2021-01-01,Negeri Sembilan,jualan,67
2022-01-01,Negeri Sembilan,jualan,77
2023-01-01,Negeri Sembilan,jualan,
2020-01-01,Pahang,jualan,115
2021-01-01,Pahang,jualan,78
2022-01-01,Pahang,jualan,88
2023-01-01,Pahang,jualan,
2020-01-01,Perak,jualan,135
2021-01-01,Perak,jualan,135
2022-01-01,Perak,jualan,159
2023-01-01,Perak,jualan,
2020-01-01,Perlis,jualan,27
2021-01-01,Perlis,jualan,13
2022-01-01,Perlis,jualan,40
2023-01-01,Perlis,jualan,
2020-01-01,Pulau Pinang,jualan,83
2021-01-01,Pulau Pinang,jualan,82
2022-01-01,Pulau Pinang,jualan,131
2023-01-01,Pulau Pinang,jualan,
2020-01-01,Sabah,jualan,38
2021-01-01,Sabah,jualan,14
2022-01-01,Sabah,jualan,21
2023-01-01,Sabah,jualan,
2020-01-01,Sarawak,jualan,35
2021-01-01,Sarawak,jualan,29
2022-01-01,Sarawak,jualan,83
2023-01-01,Sarawak,jualan,
2020-01-01,Selangor,jualan,136
2021-01-01,Selangor,jualan,184
2022-01-01,Selangor,jualan,284
2023-01-01,Selangor,jualan,
2020-01-01,Terengganu,jualan,148
2021-01-01,Terengganu,jualan,111
2022-01-01,Terengganu,jualan,107
2023-01-01,Terengganu,jualan,
2020-01-01,W.P. Kuala Lumpur,jualan,147
2021-01-01,W.P. Kuala Lumpur,jualan,128
2022-01-01,W.P. Kuala Lumpur,jualan,119
2023-01-01,W.P. Kuala Lumpur,jualan,
2020-01-01,W.P. Labuan,jualan,4
2021-01-01,W.P. Labuan,jualan,
2022-01-01,W.P. Labuan,jualan,
2023-01-01,W.P. Labuan,jualan,
2020-01-01,W.P. Putrajaya,jualan,4
2021-01-01,W.P. Putrajaya,jualan,6
2022-01-01,W.P. Putrajaya,jualan,3
2023-01-01,W.P. Putrajaya,jualan,
2016-01-01,Malaysia,penganggur,4533
2017-01-01,Malaysia,penganggur,4125
2018-01-01,Malaysia,penganggur,3650
2019-01-01,Malaysia,penganggur,3682
2020-01-01,Malaysia,penganggur,2953
2021-01-01,Malaysia,penganggur,2188
2022-01-01,Malaysia,penganggur,1869
2023-01-01,Malaysia,penganggur,1689
2020-01-01,Johor,penganggur,317
2021-01-01,Johor,penganggur,234
2022-01-01,Johor,penganggur,170
2023-01-01,Johor,penganggur,159
2020-01-01,Kedah,penganggur,402
2021-01-01,Kedah,penganggur,300
2022-01-01,Kedah,penganggur,310
2023-01-01,Kedah,penganggur,192
2020-01-01,Kelantan,penganggur,276
2021-01-01,Kelantan,penganggur,197
2022-01-01,Kelantan,penganggur,146
2023-01-01,Kelantan,penganggur,122
2020-01-01,Melaka,penganggur,78
2021-01-01,Melaka,penganggur,49
2022-01-01,Melaka,penganggur,37
2023-01-01,Melaka,penganggur,13
2020-01-01,Negeri Sembilan,penganggur,123
2021-01-01,Negeri Sembilan,penganggur,72
2022-01-01,Negeri Sembilan,penganggur,62
2023-01-01,Negeri Sembilan,penganggur,41
2020-01-01,Pahang,penganggur,216
2021-01-01,Pahang,penganggur,84
2022-01-01,Pahang,penganggur,100
2023-01-01,Pahang,penganggur,135
2020-01-01,Perak,penganggur,245
2021-01-01,Perak,penganggur,267
2022-01-01,Perak,penganggur,186
2023-01-01,Perak,penganggur,167
2020-01-01,Perlis,penganggur,19
2021-01-01,Perlis,penganggur,2
2022-01-01,Perlis,penganggur,8
2023-01-01,Perlis,penganggur,11
2020-01-01,Pulau Pinang,penganggur,98
2021-01-01,Pulau Pinang,penganggur,100
2022-01-01,Pulau Pinang,penganggur,86
2023-01-01,Pulau Pinang,penganggur,102
2020-01-01,Sabah,penganggur,209
2021-01-01,Sabah,penganggur,102
2022-01-01,Sabah,penganggur,38
2023-01-01,Sabah,penganggur,40
2020-01-01,Sarawak,penganggur,140
2021-01-01,Sarawak,penganggur,163
2022-01-01,Sarawak,penganggur,256
2023-01-01,Sarawak,penganggur,299
2020-01-01,Selangor,penganggur,229
2021-01-01,Selangor,penganggur,275
2022-01-01,Selangor,penganggur,165
2023-01-01,Selangor,penganggur,98
2020-01-01,Terengganu,penganggur,290
2021-01-01,Terengganu,penganggur,186
2022-01-01,Terengganu,penganggur,166
2023-01-01,Terengganu,penganggur,192
2020-01-01,W.P. Kuala Lumpur,penganggur,259
2021-01-01,W.P. Kuala Lumpur,penganggur,139
2022-01-01,W.P. Kuala Lumpur,penganggur,130
2023-01-01,W.P. Kuala Lumpur,penganggur,112
2020-01-01,W.P. Labuan,penganggur,44
2021-01-01,W.P. Labuan,penganggur,16
2022-01-01,W.P. Labuan,penganggur,9
2023-01-01,W.P. Labuan,penganggur,6
2020-01-01,W.P. Putrajaya,penganggur,8
2021-01-01,W.P. Putrajaya,penganggur,2
2022-01-01,W.P. Putrajaya,penganggur,
2023-01-01,W.P. Putrajaya,penganggur,
2016-01-01,Malaysia,pengangkutan,1230
2017-01-01,Malaysia,pengangkutan,950
2018-01-01,Malaysia,pengangkutan,940
2019-01-01,Malaysia,pengangkutan,1118
2020-01-01,Malaysia,pengangkutan,959
2021-01-01,Malaysia,pengangkutan,842
2022-01-01,Malaysia,pengangkutan,1294
2023-01-01,Malaysia,pengangkutan,
2020-01-01,Johor,pengangkutan,117
2021-01-01,Johor,pengangkutan,117
2022-01-01,Johor,pengangkutan,200
2023-01-01,Johor,pengangkutan,
2020-01-01,Kedah,pengangkutan,104
2021-01-01,Kedah,pengangkutan,65
2022-01-01,Kedah,pengangkutan,110
2023-01-01,Kedah,pengangkutan,
2020-01-01,Kelantan,pengangkutan,71
2021-01-01,Kelantan,pengangkutan,80
2022-01-01,Kelantan,pengangkutan,120
2023-01-01,Kelantan,pengangkutan,
2020-01-01,Melaka,pengangkutan,43
2021-01-01,Melaka,pengangkutan,23
2022-01-01,Melaka,pengangkutan,37
2023-01-01,Melaka,pengangkutan,
2020-01-01,Negeri Sembilan,pengangkutan,65
2021-01-01,Negeri Sembilan,pengangkutan,55
2022-01-01,Negeri Sembilan,pengangkutan,76
2023-01-01,Negeri Sembilan,pengangkutan,
2020-01-01,Pahang,pengangkutan,99
2021-01-01,Pahang,pengangkutan,60
2022-01-01,Pahang,pengangkutan,67
2023-01-01,Pahang,pengangkutan,
2020-01-01,Perak,pengangkutan,99
2021-01-01,Perak,pengangkutan,89
2022-01-01,Perak,pengangkutan,136
2023-01-01,Perak,pengangkutan,
2020-01-01,Perlis,pengangkutan,6
2021-01-01,Perlis,pengangkutan,10
2022-01-01,Perlis,pengangkutan,8
2023-01-01,Perlis,pengangkutan,
2020-01-01,Pulau Pinang,pengangkutan,59
2021-01-01,Pulau Pinang,pengangkutan,46
2022-01-01,Pulau Pinang,pengangkutan,115
2023-01-01,Pulau Pinang,pengangkutan,
2020-01-01,Sabah,pengangkutan,31
2021-01-01,Sabah,pengangkutan,16
2022-01-01,Sabah,pengangkutan,15
2023-01-01,Sabah,pengangkutan,
2020-01-01,Sarawak,pengangkutan,12
2021-01-01,Sarawak,pengangkutan,17
2022-01-01,Sarawak,pengangkutan,46
2023-01-01,Sarawak,pengangkutan,
2020-01-01,Selangor,pengangkutan,133
2021-01-01,Selangor,pengangkutan,172
2022-01-01,Selangor,pengangkutan,230
2023-01-01,Selangor,pengangkutan,
2020-01-01,Terengganu,pengangkutan,53
2021-01-01,Terengganu,pengangkutan,36
2022-01-01,Terengganu,pengangkutan,48
2023-01-01,Terengganu,pengangkutan,
2020-01-01,W.P. Kuala Lumpur,pengangkutan,62
2021-01-01,W.P. Kuala Lumpur,pengangkutan,52
2022-01-01,W.P. Kuala Lumpur,pengangkutan,77
2023-01-01,W.P. Kuala Lumpur,pengangkutan,
2020-01-01,W.P. Labuan,pengangkutan,5
2021-01-01,W.P. Labuan,pengangkutan,2
2022-01-01,W.P. Labuan,pengangkutan,5
2023-01-01,W.P. Labuan,pengangkutan,
2020-01-01,W.P. Putrajaya,pengangkutan,
2021-01-01,W.P. Putrajaya,pengangkutan,2
2022-01-01,W.P. Putrajaya,pengangkutan,4
2023-01-01,W.P. Putrajaya,pengangkutan,
2016-01-01,Malaysia,pengurusan,215
2017-01-01,Malaysia,pengurusan,247
2018-01-01,Malaysia,pengurusan,207
2019-01-01,Malaysia,pengurusan,253
2020-01-01,Malaysia,pengurusan,257
2021-01-01,Malaysia,pengurusan,220
2022-01-01,Malaysia,pengurusan,266
2023-01-01,Malaysia,pengurusan,
2020-01-01,Johor,pengurusan,29
2021-01-01,Johor,pengurusan,17
2022-01-01,Johor,pengurusan,19
2023-01-01,Johor,pengurusan,
2020-01-01,Kedah,pengurusan,4
2021-01-01,Kedah,pengurusan,12
2022-01-01,Kedah,pengurusan,14
2023-01-01,Kedah,pengurusan,
2020-01-01,Kelantan,pengurusan,11
2021-01-01,Kelantan,pengurusan,18
2022-01-01,Kelantan,pengurusan,16
2023-01-01,Kelantan,pengurusan,
2020-01-01,Melaka,pengurusan,15
2021-01-01,Melaka,pengurusan,8
2022-01-01,Melaka,pengurusan,5
2023-01-01,Melaka,pengurusan,
2020-01-01,Negeri Sembilan,pengurusan,20
2021-01-01,Negeri Sembilan,pengurusan,12
2022-01-01,Negeri Sembilan,pengurusan,15
2023-01-01,Negeri Sembilan,pengurusan,
2020-01-01,Pahang,pengurusan,24
2021-01-01,Pahang,pengurusan,25
2022-01-01,Pahang,pengurusan,17
2023-01-01,Pahang,pengurusan,
2020-01-01,Perak,pengurusan,25
2021-01-01,Perak,pengurusan,13
2022-01-01,Perak,pengurusan,20
2023-01-01,Perak,pengurusan,
2020-01-01,Perlis,pengurusan,2
2021-01-01,Perlis,pengurusan,1
2022-01-01,Perlis,pengurusan,3
2023-01-01,Perlis,pengurusan,
2020-01-01,Pulau Pinang,pengurusan,12
2021-01-01,Pulau Pinang,pengurusan,11
2022-01-01,Pulau Pinang,pengurusan,18
2023-01-01,Pulau Pinang,pengurusan,
2020-01-01,Sabah,pengurusan,19
2021-01-01,Sabah,pengurusan,15
2022-01-01,Sabah,pengurusan,19
2023-01-01,Sabah,pengurusan,
2020-01-01,Sarawak,pengurusan,7
2021-01-01,Sarawak,pengurusan,13
2022-01-01,Sarawak,pengurusan,14
2023-01-01,Sarawak,pengurusan,
2020-01-01,Selangor,pengurusan,38
2021-01-01,Selangor,pengurusan,34
2022-01-01,Selangor,pengurusan,47
2023-01-01,Selangor,pengurusan,
2020-01-01,Terengganu,pengurusan,28
2021-01-01,Terengganu,pengurusan,21
2022-01-01,Terengganu,pengurusan,28
2023-01-01,Terengganu,pengurusan,
2020-01-01,W.P. Kuala Lumpur,pengurusan,15
2021-01-01,W.P. Kuala Lumpur,pengurusan,13
2022-01-01,W.P. Kuala Lumpur,pengurusan,18
2023-01-01,W.P. Kuala Lumpur,pengurusan,
2020-01-01,W.P. Labuan,pengurusan,1
2021-01-01,W.P. Labuan,pengurusan,
2022-01-01,W.P. Labuan,pengurusan,3
2023-01-01,W.P. Labuan,pengurusan,
2020-01-01,W.P. Putrajaya,pengurusan,7
2021-01-01,W.P. Putrajaya,pengurusan,7
2022-01-01,W.P. Putrajaya,pengurusan,10
2023-01-01,W.P. Putrajaya,pengurusan,
2016-01-01,Malaysia,kerajaan,
2017-01-01,Malaysia,kerajaan,
2018-01-01,Malaysia,kerajaan,
2019-01-01,Malaysia,kerajaan,
2020-01-01,Malaysia,kerajaan,
2021-01-01,Malaysia,kerajaan,
2022-01-01,Malaysia,kerajaan,
2023-01-01,Malaysia,kerajaan,165
2020-01-01,Johor,kerajaan,
2021-01-01,Johor,kerajaan,
2022-01-01,Johor,kerajaan,
2023-01-01,Johor,kerajaan,17
2020-01-01,Kedah,kerajaan,
2021-01-01,Kedah,kerajaan,
2022-01-01,Kedah,kerajaan,
2023-01-01,Kedah,kerajaan,10
2020-01-01,Kelantan,kerajaan,
2021-01-01,Kelantan,kerajaan,
2022-01-01,Kelantan,kerajaan,
2023-01-01,Kelantan,kerajaan,6
2020-01-01,Melaka,kerajaan,
2021-01-01,Melaka,kerajaan,
2022-01-01,Melaka,kerajaan,
2023-01-01,Melaka,kerajaan,4
2020-01-01,Negeri Sembilan,kerajaan,
2021-01-01,Negeri Sembilan,kerajaan,
2022-01-01,Negeri Sembilan,kerajaan,
2023-01-01,Negeri Sembilan,kerajaan,6
2020-01-01,Pahang,kerajaan,
2021-01-01,Pahang,kerajaan,
2022-01-01,Pahang,kerajaan,
2023-01-01,Pahang,kerajaan,12
2020-01-01,Perak,kerajaan,
2021-01-01,Perak,kerajaan,
2022-01-01,Perak,kerajaan,
2023-01-01,Perak,kerajaan,18
2020-01-01,Perlis,kerajaan,
2021-01-01,Perlis,kerajaan,
2022-01-01,Perlis,kerajaan,
2023-01-01,Perlis,kerajaan,3
2020-01-01,Pulau Pinang,kerajaan,
2021-01-01,Pulau Pinang,kerajaan,
2022-01-01,Pulau Pinang,kerajaan,
2023-01-01,Pulau Pinang,kerajaan,9
2020-01-01,Sabah,kerajaan,
2021-01-01,Sabah,kerajaan,
2022-01-01,Sabah,kerajaan,
2023-01-01,Sabah,kerajaan,10
2020-01-01,Sarawak,kerajaan,
2021-01-01,Sarawak,kerajaan,
2022-01-01,Sarawak,kerajaan,
2023-01-01,Sarawak,kerajaan,13
2020-01-01,Selangor,kerajaan,
2021-01-01,Selangor,kerajaan,
2022-01-01,Selangor,kerajaan,
2023-01-01,Selangor,kerajaan,26
2020-01-01,Terengganu,kerajaan,
2021-01-01,Terengganu,kerajaan,
2022-01-01,Terengganu,kerajaan,
2023-01-01,Terengganu,kerajaan,16
2020-01-01,W.P. Kuala Lumpur,kerajaan,
2021-01-01,W.P. Kuala Lumpur,kerajaan,
2022-01-01,W.P. Kuala Lumpur,kerajaan,
2023-01-01,W.P. Kuala Lumpur,kerajaan,12
2020-01-01,W.P. Labuan,kerajaan,
2021-01-01,W.P. Labuan,kerajaan,
2022-01-01,W.P. Labuan,kerajaan,
2023-01-01,W.P. Labuan,kerajaan,2
2020-01-01,W.P. Putrajaya,kerajaan,
2021-01-01,W.P. Putrajaya,kerajaan,
2022-01-01,W.P. Putrajaya,kerajaan,
2023-01-01,W.P. Putrajaya,kerajaan,1
2016-01-01,Malaysia,penuntut,298
2017-01-01,Malaysia,penuntut,281
2018-01-01,Malaysia,penuntut,186
2019-01-01,Malaysia,penuntut,159
2020-01-01,Malaysia,penuntut,109
2021-01-01,Malaysia,penuntut,103
2022-01-01,Malaysia,penuntut,84
2023-01-01,Malaysia,penuntut,79
2020-01-01,Johor,penuntut,5
2021-01-01,Johor,penuntut,3
2022-01-01,Johor,penuntut,4
2023-01-01,Johor,penuntut,3
2020-01-01,Kedah,penuntut,10
2021-01-01,Kedah,penuntut,11
2022-01-01,Kedah,penuntut,4
2023-01-01,Kedah,penuntut,5
2020-01-01,Kelantan,penuntut,9
2021-01-01,Kelantan,penuntut,17
2022-01-01,Kelantan,penuntut,16
2023-01-01,Kelantan,penuntut,11
2020-01-01,Melaka,penuntut,3
2021-01-01,Melaka,penuntut,2
2022-01-01,Melaka,penuntut,2
2023-01-01,Melaka,penuntut,2
2020-01-01,Negeri Sembilan,penuntut,1
2021-01-01,Negeri Sembilan,penuntut,8
2022-01-01,Negeri Sembilan,penuntut,2
2023-01-01,Negeri Sembilan,penuntut,1
2020-01-01,Pahang,penuntut,14
2021-01-01,Pahang,penuntut,4
2022-01-01,Pahang,penuntut,3
2023-01-01,Pahang,penuntut,4
2020-01-01,Perak,penuntut,5
2021-01-01,Perak,penuntut,6
2022-01-01,Perak,penuntut,4
2023-01-01,Perak,penuntut,12
2020-01-01,Perlis,penuntut,6
2021-01-01,Perlis,penuntut,
2022-01-01,Perlis,penuntut,2
2023-01-01,Perlis,penuntut,
2020-01-01,Pulau Pinang,penuntut,5
2021-01-01,Pulau Pinang,penuntut,8
2022-01-01,Pulau Pinang,penuntut,8
2023-01-01,Pulau Pinang,penuntut,5
2020-01-01,Sabah,penuntut,3
2021-01-01,Sabah,penuntut,2
2022-01-01,Sabah,penuntut,2
2023-01-01,Sabah,penuntut,3
2020-01-01,Sarawak,penuntut,6
2021-01-01,Sarawak,penuntut,4
2022-01-01,Sarawak,penuntut,3
2023-01-01,Sarawak,penuntut,2
2020-01-01,Selangor,penuntut,21
2021-01-01,Selangor,penuntut,18
2022-01-01,Selangor,penuntut,8
2023-01-01,Selangor,penuntut,10
2020-01-01,Terengganu,penuntut,5
2021-01-01,Terengganu,penuntut,9
2022-01-01,Terengganu,penuntut,13
2023-01-01,Terengganu,penuntut,4
2020-01-01,W.P. Kuala Lumpur,penuntut,12
2021-01-01,W.P. Kuala Lumpur,penuntut,9
2022-01-01,W.P. Kuala Lumpur,penuntut,12
2023-01-01,W.P. Kuala Lumpur,penuntut,15
2020-01-01,W.P. Labuan,penuntut,
2021-01-01,W.P. Labuan,penuntut,
2022-01-01,W.P. Labuan,penuntut,
2023-01-01,W.P. Labuan,penuntut,
2020-01-01,W.P. Putrajaya,penuntut,4
2021-01-01,W.P. Putrajaya,penuntut,2
2022-01-01,W.P. Putrajaya,penuntut,1
2023-01-01,W.P. Putrajaya,penuntut,2
2016-01-01,Malaysia,pengkeranian,66
2017-01-01,Malaysia,pengkeranian,66
2018-01-01,Malaysia,pengkeranian,58
2019-01-01,Malaysia,pengkeranian,62
2020-01-01,Malaysia,pengkeranian,36
2021-01-01,Malaysia,pengkeranian,33
2022-01-01,Malaysia,pengkeranian,48
2023-01-01,Malaysia,pengkeranian,
2020-01-01,Johor,pengkeranian,5
2021-01-01,Johor,pengkeranian,3
2022-01-01,Johor,pengkeranian,5
2023-01-01,Johor,pengkeranian,
2020-01-01,Kedah,pengkeranian,1
2021-01-01,Kedah,pengkeranian,1
2022-01-01,Kedah,pengkeranian,2
2023-01-01,Kedah,pengkeranian,
2020-01-01,Kelantan,pengkeranian,2
2021-01-01,Kelantan,pengkeranian,
2022-01-01,Kelantan,pengkeranian,1
2023-01-01,Kelantan,pengkeranian,
2020-01-01,Melaka,pengkeranian,1
2021-01-01,Melaka,pengkeranian,
2022-01-01,Melaka,pengkeranian,3
2023-01-01,Melaka,pengkeranian,
2020-01-01,Negeri Sembilan,pengkeranian,3
2021-01-01,Negeri Sembilan,pengkeranian,1
2022-01-01,Negeri Sembilan,pengkeranian,3
2023-01-01,Negeri Sembilan,pengkeranian,
2020-01-01,Pahang,pengkeranian,2
2021-01-01,Pahang,pengkeranian,2
2022-01-01,Pahang,pengkeranian,3
2023-01-01,Pahang,pengkeranian,
2020-01-01,Perak,pengkeranian,4
2021-01-01,Perak,pengkeranian,4
2022-01-01,Perak,pengkeranian,2
2023-01-01,Perak,pengkeranian,
2020-01-01,Perlis,pengkeranian,1
2021-01-01,Perlis,pengkeranian,
2022-01-01,Perlis,pengkeranian,
2023-01-01,Perlis,pengkeranian,
2020-01-01,Pulau Pinang,pengkeranian,2
2021-01-01,Pulau Pinang,pengkeranian,1
2022-01-01,Pulau Pinang,pengkeranian,6
2023-01-01,Pulau Pinang,pengkeranian,
2020-01-01,Sabah,pengkeranian,3
2021-01-01,Sabah,pengkeranian,
2022-01-01,Sabah,pengkeranian,2
2023-01-01,Sabah,pengkeranian,
2020-01-01,Sarawak,pengkeranian,
2021-01-01,Sarawak,pengkeranian,
2022-01-01,Sarawak,pengkeranian,2
2023-01-01,Sarawak,pengkeranian,
2020-01-01,Selangor,pengkeranian,6
2021-01-01,Selangor,pengkeranian,9
2022-01-01,Selangor,pengkeranian,14
2023-01-01,Selangor,pengkeranian,
2020-01-01,Terengganu,pengkeranian,
2021-01-01,Terengganu,pengkeranian,
2022-01-01,Terengganu,pengkeranian,2
2023-01-01,Terengganu,pengkeranian,
2020-01-01,W.P. Kuala Lumpur,pengkeranian,6
2021-01-01,W.P. Kuala Lumpur,pengkeranian,10
2022-01-01,W.P. Kuala Lumpur,pengkeranian,3
2023-01-01,W.P. Kuala Lumpur,pengkeranian,
2020-01-01,W.P. Labuan,pengkeranian,
2021-01-01,W.P. Labuan,pengkeranian,1
2022-01-01,W.P. Labuan,pengkeranian,
2023-01-01,W.P. Labuan,pengkeranian,
2020-01-01,W.P. Putrajaya,pengkeranian,
2021-01-01,W.P. Putrajaya,pengkeranian,1
2022-01-01,W.P. Putrajaya,pengkeranian,
2023-01-01,W.P. Putrajaya,pengkeranian,
2016-01-01,Malaysia,perkhidmatan,2299
2017-01-01,Malaysia,perkhidmatan,1744
2018-01-01,Malaysia,perkhidmatan,1822
2019-01-01,Malaysia,perkhidmatan,2470
2020-01-01,Malaysia,perkhidmatan,1989
2021-01-01,Malaysia,perkhidmatan,2066
2022-01-01,Malaysia,perkhidmatan,3033
2023-01-01,Malaysia,perkhidmatan,
2020-01-01,Johor,perkhidmatan,294
2021-01-01,Johor,perkhidmatan,372
2022-01-01,Johor,perkhidmatan,443
2023-01-01,Johor,perkhidmatan,
2020-01-01,Kedah,perkhidmatan,210
2021-01-01,Kedah,perkhidmatan,163
2022-01-01,Kedah,perkhidmatan,278
2023-01-01,Kedah,perkhidmatan,
2020-01-01,Kelantan,perkhidmatan,87
2021-01-01,Kelantan,perkhidmatan,94
2022-01-01,Kelantan,perkhidmatan,94
2023-01-01,Kelantan,perkhidmatan,
2020-01-01,Melaka,perkhidmatan,52
2021-01-01,Melaka,perkhidmatan,63
2022-01-01,Melaka,perkhidmatan,65
2023-01-01,Melaka,perkhidmatan,
2020-01-01,Negeri Sembilan,perkhidmatan,87
2021-01-01,Negeri Sembilan,perkhidmatan,81
2022-01-01,Negeri Sembilan,perkhidmatan,180
2023-01-01,Negeri Sembilan,perkhidmatan,
2020-01-01,Pahang,perkhidmatan,138
2021-01-01,Pahang,perkhidmatan,91
2022-01-01,Pahang,perkhidmatan,220
2023-01-01,Pahang,perkhidmatan,
2020-01-01,Perak,perkhidmatan,124
2021-01-01,Perak,perkhidmatan,110
2022-01-01,Perak,perkhidmatan,245
2023-01-01,Perak,perkhidmatan,
2020-01-01,Perlis,perkhidmatan,43
2021-01-01,Perlis,perkhidmatan,29
2022-01-01,Perlis,perkhidmatan,48
2023-01-01,Perlis,perkhidmatan,
2020-01-01,Pulau Pinang,perkhidmatan,187
2021-01-01,Pulau Pinang,perkhidmatan,187
2022-01-01,Pulau Pinang,perkhidmatan,371
2023-01-01,Pulau Pinang,perkhidmatan,
2020-01-01,Sabah,perkhidmatan,62
2021-01-01,Sabah,perkhidmatan,63
2022-01-01,Sabah,perkhidmatan,56
2023-01-01,Sabah,perkhidmatan,
2020-01-01,Sarawak,perkhidmatan,74
2021-01-01,Sarawak,perkhidmatan,76
2022-01-01,Sarawak,perkhidmatan,129
2023-01-01,Sarawak,perkhidmatan,
2020-01-01,Selangor,perkhidmatan,291
2021-01-01,Selangor,perkhidmatan,352
2022-01-01,Selangor,perkhidmatan,475
2023-01-01,Selangor,perkhidmatan,
2020-01-01,Terengganu,perkhidmatan,105
2021-01-01,Terengganu,perkhidmatan,122
2022-01-01,Terengganu,perkhidmatan,117
2023-01-01,Terengganu,perkhidmatan,
2020-01-01,W.P. Kuala Lumpur,perkhidmatan,216
2021-01-01,W.P. Kuala Lumpur,perkhidmatan,234
2022-01-01,W.P. Kuala Lumpur,perkhidmatan,276
2023-01-01,W.P. Kuala Lumpur,perkhidmatan,
2020-01-01,W.P. Labuan,perkhidmatan,9
2021-01-01,W.P. Labuan,perkhidmatan,6
2022-01-01,W.P. Labuan,perkhidmatan,18
2023-01-01,W.P. Labuan,perkhidmatan,
2020-01-01,W.P. Putrajaya,perkhidmatan,10
2021-01-01,W.P. Putrajaya,perkhidmatan,23
2022-01-01,W.P. Putrajaya,perkhidmatan,18
2023-01-01,W.P. Putrajaya,perkhidmatan,
2016-01-01,Malaysia,perkilangan,576
2017-01-01,Malaysia,perkilangan,465
2018-01-01,Malaysia,perkilangan,421
2019-01-01,Malaysia,perkilangan,548
2020-01-01,Malaysia,perkilangan,487
2021-01-01,Malaysia,perkilangan,532
2022-01-01,Malaysia,perkilangan,798
2023-01-01,Malaysia,perkilangan,
2020-01-01,Johor,perkilangan,105
2021-01-01,Johor,perkilangan,107
2022-01-01,Johor,perkilangan,132
2023-01-01,Johor,perkilangan,
2020-01-01,Kedah,perkilangan,58
2021-01-01,Kedah,perkilangan,43
2022-01-01,Kedah,perkilangan,139
2023-01-01,Kedah,perkilangan,
2020-01-01,Kelantan,perkilangan,14
2021-01-01,Kelantan,perkilangan,15
2022-01-01,Kelantan,perkilangan,34
2023-01-01,Kelantan,perkilangan,
2020-01-01,Melaka,perkilangan,38
2021-01-01,Melaka,perkilangan,25
2022-01-01,Melaka,perkilangan,31
2023-01-01,Melaka,perkilangan,
2020-01-01,Negeri Sembilan,perkilangan,29
2021-01-01,Negeri Sembilan,perkilangan,41
2022-01-01,Negeri Sembilan,perkilangan,36
2023-01-01,Negeri Sembilan,perkilangan,
2020-01-01,Pahang,perkilangan,37
2021-01-01,Pahang,perkilangan,22
2022-01-01,Pahang,perkilangan,29
2023-01-01,Pahang,perkilangan,
2020-01-01,Perak,perkilangan,47
2021-01-01,Perak,perkilangan,55
2022-01-01,Perak,perkilangan,66
2023-01-01,Perak,perkilangan,
2020-01-01,Perlis,perkilangan,7
2021-01-01,Perlis,perkilangan,2
2022-01-01,Perlis,perkilangan,13
2023-01-01,Perlis,perkilangan,
2020-01-01,Pulau Pinang,perkilangan,46
2021-01-01,Pulau Pinang,perkilangan,92
2022-01-01,Pulau Pinang,perkilangan,164
2023-01-01,Pulau Pinang,perkilangan,
2020-01-01,Sabah,perkilangan,6
2021-01-01,Sabah,perkilangan,5
2022-01-01,Sabah,perkilangan,6
2023-01-01,Sabah,perkilangan,
2020-01-01,Sarawak,perkilangan,6
2021-01-01,Sarawak,perkilangan,9
2022-01-01,Sarawak,perkilangan,13
2023-01-01,Sarawak,perkilangan,
2020-01-01,Selangor,perkilangan,58
2021-01-01,Selangor,perkilangan,74
2022-01-01,Selangor,perkilangan,100
2023-01-01,Selangor,perkilangan,
2020-01-01,Terengganu,perkilangan,20
2021-01-01,Terengganu,perkilangan,26
2022-01-01,Terengganu,perkilangan,23
2023-01-01,Terengganu,perkilangan,
2020-01-01,W.P. Kuala Lumpur,perkilangan,16
2021-01-01,W.P. Kuala Lumpur,perkilangan,16
2022-01-01,W.P. Kuala Lumpur,perkilangan,12
2023-01-01,W.P. Kuala Lumpur,perkilangan,
2020-01-01,W.P. Labuan,perkilangan,
2021-01-01,W.P. Labuan,perkilangan,
2022-01-01,W.P. Labuan,perkilangan,
2023-01-01,W.P. Labuan,perkilangan,
2020-01-01,W.P. Putrajaya,perkilangan,
2021-01-01,W.P. Putrajaya,perkilangan,
2022-01-01,W.P. Putrajaya,perkilangan,
2023-01-01,W.P. Putrajaya,perkilangan,
2016-01-01,Malaysia,pertanian/perikanan,1857
2017-01-01,Malaysia,pertanian/perikanan,1443
2018-01-01,Malaysia,pertanian/perikanan,1457
2019-01-01,Malaysia,pertanian/perikanan,1658
2020-01-01,Malaysia,pertanian/perikanan,1465
2021-01-01,Malaysia,pertanian/perikanan,1213
2022-01-01,Malaysia,pertanian/perikanan,1818
2023-01-01,Malaysia,pertanian/perikanan,
2020-01-01,Johor,pertanian/perikanan,123
2021-01-01,Johor,pertanian/perikanan,171
2022-01-01,Johor,pertanian/perikanan,246
2023-01-01,Johor,pertanian/perikanan,
2020-01-01,Kedah,pertanian/perikanan,355
2021-01-01,Kedah,pertanian/perikanan,246
2022-01-01,Kedah,pertanian/perikanan,434
2023-01-01,Kedah,pertanian/perikanan,
2020-01-01,Kelantan,pertanian/perikanan,102
2021-01-01,Kelantan,pertanian/perikanan,88
2022-01-01,Kelantan,pertanian/perikanan,184
2023-01-01,Kelantan,pertanian/perikanan,
2020-01-01,Melaka,pertanian/perikanan,29
2021-01-01,Melaka,pertanian/perikanan,23
2022-01-01,Melaka,pertanian/perikanan,22
2023-01-01,Melaka,pertanian/perikanan,
2020-01-01,Negeri Sembilan,pertanian/perikanan,48
2021-01-01,Negeri Sembilan,pertanian/perikanan,53
2022-01-01,Negeri Sembilan,pertanian/perikanan,53
2023-01-01,Negeri Sembilan,pertanian/perikanan,
2020-01-01,Pahang,pertanian/perikanan,166
2021-01-01,Pahang,pertanian/perikanan,94
2022-01-01,Pahang,pertanian/perikanan,140
2023-01-01,Pahang,pertanian/perikanan,
2020-01-01,Perak,pertanian/perikanan,207
2021-01-01,Perak,pertanian/perikanan,164
2022-01-01,Perak,pertanian/perikanan,201
2023-01-01,Perak,pertanian/perikanan,
2020-01-01,Perlis,pertanian/perikanan,42
2021-01-01,Perlis,pertanian/perikanan,32
2022-01-01,Perlis,pertanian/perikanan,83
2023-01-01,Perlis,pertanian/perikanan,
2020-01-01,Pulau Pinang,pertanian/perikanan,59
2021-01-01,Pulau Pinang,pertanian/perikanan,59
2022-01-01,Pulau Pinang,pertanian/perikanan,106
2023-01-01,Pulau Pinang,pertanian/perikanan,
2020-01-01,Sabah,pertanian/perikanan,92
2021-01-01,Sabah,pertanian/perikanan,39
2022-01-01,Sabah,pertanian/perikanan,51
2023-01-01,Sabah,pertanian/perikanan,
2020-01-01,Sarawak,pertanian/perikanan,23
2021-01-01,Sarawak,pertanian/perikanan,23
2022-01-01,Sarawak,pertanian/perikanan,72
2023-01-01,Sarawak,pertanian/perikanan,
2020-01-01,Selangor,pertanian/perikanan,52
2021-01-01,Selangor,pertanian/perikanan,78
2022-01-01,Selangor,pertanian/perikanan,67
2023-01-01,Selangor,pertanian/perikanan,
2020-01-01,Terengganu,pertanian/perikanan,156
2021-01-01,Terengganu,pertanian/perikanan,136
2022-01-01,Terengganu,pertanian/perikanan,150
2023-01-01,Terengganu,pertanian/perikanan,
2020-01-01,W.P. Kuala Lumpur,pertanian/perikanan,7
2021-01-01,W.P. Kuala Lumpur,pertanian/perikanan,3
2022-01-01,W.P. Kuala Lumpur,pertanian/perikanan,4
2023-01-01,W.P. Kuala Lumpur,pertanian/perikanan,
2020-01-01,W.P. Labuan,pertanian/perikanan,4
2021-01-01,W.P. Labuan,pertanian/perikanan,3
2022-01-01,W.P. Labuan,pertanian/perikanan,4
2023-01-01,W.P. Labuan,pertanian/perikanan,
2020-01-01,W.P. Putrajaya,pertanian/perikanan,
2021-01-01,W.P. Putrajaya,pertanian/perikanan,1
2022-01-01,W.P. Putrajaya,pertanian/perikanan,1
2023-01-01,W.P. Putrajaya,pertanian/perikanan,
2016-01-01,Malaysia,rencam/sambilan,10643
2017-01-01,Malaysia,rencam/sambilan,8173
2018-01-01,Malaysia,rencam/sambilan,8086
2019-01-01,Malaysia,rencam/sambilan,7012
2020-01-01,Malaysia,rencam/sambilan,5168
2021-01-01,Malaysia,rencam/sambilan,4328
2022-01-01,Malaysia,rencam/sambilan,5236
2023-01-01,Malaysia,rencam/sambilan,793
2020-01-01,Johor,rencam/sambilan,993
2021-01-01,Johor,rencam/sambilan,556
2022-01-01,Johor,rencam/sambilan,606
2023-01-01,Johor,rencam/sambilan,395
2020-01-01,Kedah,rencam/sambilan,486
2021-01-01,Kedah,rencam/sambilan,701
2022-01-01,Kedah,rencam/sambilan,451
2023-01-01,Kedah,rencam/sambilan,27
2020-01-01,Kelantan,rencam/sambilan,327
2021-01-01,Kelantan,rencam/sambilan,198
2022-01-01,Kelantan,rencam/sambilan,279
2023-01-01,Kelantan,rencam/sambilan,15
2020-01-01,Melaka,rencam/sambilan,169
2021-01-01,Melaka,rencam/sambilan,69
2022-01-01,Melaka,rencam/sambilan,65
2023-01-01,Melaka,rencam/sambilan,8
2020-01-01,Negeri Sembilan,rencam/sambilan,139
2021-01-01,Negeri Sembilan,rencam/sambilan,149
2022-01-01,Negeri Sembilan,rencam/sambilan,222
2023-01-01,Negeri Sembilan,rencam/sambilan,9
2020-01-01,Pahang,rencam/sambilan,171
2021-01-01,Pahang,rencam/sambilan,224
2022-01-01,Pahang,rencam/sambilan,275
2023-01-01,Pahang,rencam/sambilan,9
2020-01-01,Perak,rencam/sambilan,357
2021-01-01,Perak,rencam/sambilan,344
2022-01-01,Perak,rencam/sambilan,588
2023-01-01,Perak,rencam/sambilan,83
2020-01-01,Perlis,rencam/sambilan,29
2021-01-01,Perlis,rencam/sambilan,50
2022-01-01,Perlis,rencam/sambilan,108
2023-01-01,Perlis,rencam/sambilan,
2020-01-01,Pulau Pinang,rencam/sambilan,1004
2021-01-01,Pulau Pinang,rencam/sambilan,584
2022-01-01,Pulau Pinang,rencam/sambilan,820
2023-01-01,Pulau Pinang,rencam/sambilan,59
2020-01-01,Sabah,rencam/sambilan,223
2021-01-01,Sabah,rencam/sambilan,314
2022-01-01,Sabah,rencam/sambilan,388
2023-01-01,Sabah,rencam/sambilan,16
2020-01-01,Sarawak,rencam/sambilan,192
2021-01-01,Sarawak,rencam/sambilan,209
2022-01-01,Sarawak,rencam/sambilan,249
2023-01-01,Sarawak,rencam/sambilan,81
2020-01-01,Selangor,rencam/sambilan,409
2021-01-01,Selangor,rencam/sambilan,362
2022-01-01,Selangor,rencam/sambilan,602
2023-01-01,Selangor,rencam/sambilan,72
2020-01-01,Terengganu,rencam/sambilan,523
2021-01-01,Terengganu,rencam/sambilan,408
2022-01-01,Terengganu,rencam/sambilan,392
2023-01-01,Terengganu,rencam/sambilan,9
2020-01-01,W.P. Kuala Lumpur,rencam/sambilan,145
2021-01-01,W.P. Kuala Lumpur,rencam/sambilan,132
2022-01-01,W.P. Kuala Lumpur,rencam/sambilan,164
2023-01-01,W.P. Kuala Lumpur,rencam/sambilan,7
2020-01-01,W.P. Labuan,rencam/sambilan,
2021-01-01,W.P. Labuan,rencam/sambilan,14
2022-01-01,W.P. Labuan,rencam/sambilan,20
2023-01-01,W.P. Labuan,rencam/sambilan,3
2020-01-01,W.P. Putrajaya,rencam/sambilan,1
2021-01-01,W.P. Putrajaya,rencam/sambilan,14
2022-01-01,W.P. Putrajaya,rencam/sambilan,7
2023-01-01,W.P. Putrajaya,rencam/sambilan,
2016-01-01,Malaysia,teknikal,1314
2017-01-01,Malaysia,teknikal,966
2018-01-01,Malaysia,teknikal,890
2019-01-01,Malaysia,teknikal,1133
2020-01-01,Malaysia,teknikal,943
2021-01-01,Malaysia,teknikal,834
2022-01-01,Malaysia,teknikal,1168
2023-01-01,Malaysia,teknikal,
2020-01-01,Johor,teknikal,78
2021-01-01,Johor,teknikal,72
2022-01-01,Johor,teknikal,124
2023-01-01,Johor,teknikal,
2020-01-01,Kedah,teknikal,106
2021-01-01,Kedah,teknikal,84
2022-01-01,Kedah,teknikal,128
2023-01-01,Kedah,teknikal,
2020-01-01,Kelantan,teknikal,59
2021-01-01,Kelantan,teknikal,49
2022-01-01,Kelantan,teknikal,92
2023-01-01,Kelantan,teknikal,
2020-01-01,Melaka,teknikal,42
2021-01-01,Melaka,teknikal,32
2022-01-01,Melaka,teknikal,29
2023-01-01,Melaka,teknikal,
2020-01-01,Negeri Sembilan,teknikal,47
2021-01-01,Negeri Sembilan,teknikal,37
2022-01-01,Negeri Sembilan,teknikal,46
2023-01-01,Negeri Sembilan,teknikal,
2020-01-01,Pahang,teknikal,80
2021-01-01,Pahang,teknikal,61
2022-01-01,Pahang,teknikal,59
2023-01-01,Pahang,teknikal,
2020-01-01,Perak,teknikal,128
2021-01-01,Perak,teknikal,76
2022-01-01,Perak,teknikal,114
2023-01-01,Perak,teknikal,
2020-01-01,Perlis,teknikal,20
2021-01-01,Perlis,teknikal,5
2022-01-01,Perlis,teknikal,16
2023-01-01,Perlis,teknikal,
2020-01-01,Pulau Pinang,teknikal,48
2021-01-01,Pulau Pinang,teknikal,37
2022-01-01,Pulau Pinang,teknikal,107
2023-01-01,Pulau Pinang,teknikal,
2020-01-01,Sabah,teknikal,27
2021-01-01,Sabah,teknikal,14
2022-01-01,Sabah,teknikal,13
2023-01-01,Sabah,teknikal,
2020-01-01,Sarawak,teknikal,29
2021-01-01,Sarawak,teknikal,22
2022-01-01,Sarawak,teknikal,68
2023-01-01,Sarawak,teknikal,
2020-01-01,Selangor,teknikal,105
2021-01-01,Selangor,teknikal,163
2022-01-01,Selangor,teknikal,201
2023-01-01,Selangor,teknikal,
2020-01-01,Terengganu,teknikal,116
2021-01-01,Terengganu,teknikal,119
2022-01-01,Terengganu,teknikal,108
2023-01-01,Terengganu,teknikal,
2020-01-01,W.P. Kuala Lumpur,teknikal,52
2021-01-01,W.P. Kuala Lumpur,teknikal,49
2022-01-01,W.P. Kuala Lumpur,teknikal,57
2023-01-01,W.P. Kuala Lumpur,teknikal,
2020-01-01,W.P. Labuan,teknikal,4
2021-01-01,W.P. Labuan,teknikal,1
2022-01-01,W.P. Labuan,teknikal,4
2023-01-01,W.P. Labuan,teknikal,
2020-01-01,W.P. Putrajaya,teknikal,2
2021-01-01,W.P. Putrajaya,teknikal,13
2022-01-01,W.P. Putrajaya,teknikal,2
2023-01-01,W.P. Putrajaya,teknikal,
2016-01-01,Malaysia,swasta,
2017-01-01,Malaysia,swasta,
2018-01-01,Malaysia,swasta,
2019-01-01,Malaysia,swasta,
2020-01-01,Malaysia,swasta,
2021-01-01,Malaysia,swasta,7265
2022-01-01,Malaysia,swasta,10293
2023-01-01,Malaysia,swasta,11054
2020-01-01,Johor,swasta,
2021-01-01,Johor,swasta,1024
2022-01-01,Johor,swasta,1429
2023-01-01,Johor,swasta,1344
2020-01-01,Kedah,swasta,
2021-01-01,Kedah,swasta,761
2022-01-01,Kedah,swasta,1326
2023-01-01,Kedah,swasta,1413
2020-01-01,Kelantan,swasta,
2021-01-01,Kelantan,swasta,540
2022-01-01,Kelantan,swasta,745
2023-01-01,Kelantan,swasta,956
2020-01-01,Melaka,swasta,
2021-01-01,Melaka,swasta,228
2022-01-01,Melaka,swasta,250
2023-01-01,Melaka,swasta,206
2020-01-01,Negeri Sembilan,swasta,
2021-01-01,Negeri Sembilan,swasta,355
2022-01-01,Negeri Sembilan,swasta,486
2023-01-01,Negeri Sembilan,swasta,442
2020-01-01,Pahang,swasta,
2021-01-01,Pahang,swasta,437
2022-01-01,Pahang,swasta,629
2023-01-01,Pahang,swasta,919
2020-01-01,Perak,swasta,
2021-01-01,Perak,swasta,671
2022-01-01,Perak,swasta,973
2023-01-01,Perak,swasta,934
2020-01-01,Perlis,swasta,
2021-01-01,Perlis,swasta,105
2022-01-01,Perlis,swasta,220
2023-01-01,Perlis,swasta,278
2020-01-01,Pulau Pinang,swasta,
2021-01-01,Pulau Pinang,swasta,518
2022-01-01,Pulau Pinang,swasta,1017
2023-01-01,Pulau Pinang,swasta,1103
2020-01-01,Sabah,swasta,
2021-01-01,Sabah,swasta,159
2022-01-01,Sabah,swasta,172
2023-01-01,Sabah,swasta,243
2020-01-01,Sarawak,swasta,
2021-01-01,Sarawak,swasta,188
2022-01-01,Sarawak,swasta,439
2023-01-01,Sarawak,swasta,506
2020-01-01,Selangor,swasta,
2021-01-01,Selangor,swasta,1097
2022-01-01,Selangor,swasta,1445
2023-01-01,Selangor,swasta,1380
2020-01-01,Terengganu,swasta,
2021-01-01,Terengganu,swasta,593
2022-01-01,Terengganu,swasta,573
2023-01-01,Terengganu,swasta,588
2020-01-01,W.P. Kuala Lumpur,swasta,
2021-01-01,W.P. Kuala Lumpur,swasta,508
2022-01-01,W.P. Kuala Lumpur,swasta,573
2023-01-01,W.P. Kuala Lumpur,swasta,696
2020-01-01,W.P. Labuan,swasta,
2021-01-01,W.P. Labuan,swasta,13
2022-01-01,W.P. Labuan,swasta,31
2023-01-01,W.P. Labuan,swasta,20
2020-01-01,W.P. Putrajaya,swasta,
2021-01-01,W.P. Putrajaya,swasta,46
2022-01-01,W.P. Putrajaya,swasta,29
2023-01-01,W.P. Putrajaya,swasta,26
2016-01-01,Malaysia,bekerja_sendiri,
2017-01-01,Malaysia,bekerja_sendiri,
2018-01-01,Malaysia,bekerja_sendiri,
2019-01-01,Malaysia,bekerja_sendiri,
2020-01-01,Malaysia,bekerja_sendiri,
2021-01-01,Malaysia,bekerja_sendiri,1176
2022-01-01,Malaysia,bekerja_sendiri,1795
2023-01-01,Malaysia,bekerja_sendiri,1980
2020-01-01,Johor,bekerja_sendiri,
2021-01-01,Johor,bekerja_sendiri,96
2022-01-01,Johor,bekerja_sendiri,118
2023-01-01,Johor,bekerja_sendiri,148
2020-01-01,Kedah,bekerja_sendiri,
2021-01-01,Kedah,bekerja_sendiri,83
2022-01-01,Kedah,bekerja_sendiri,180
2023-01-01,Kedah,bekerja_sendiri,174
2020-01-01,Kelantan,bekerja_sendiri,
2021-01-01,Kelantan,bekerja_sendiri,59
2022-01-01,Kelantan,bekerja_sendiri,114
2023-01-01,Kelantan,bekerja_sendiri,169
2020-01-01,Melaka,bekerja_sendiri,
2021-01-01,Melaka,bekerja_sendiri,9
2022-01-01,Melaka,bekerja_sendiri,30
2023-01-01,Melaka,bekerja_sendiri,21
2020-01-01,Negeri Sembilan,bekerja_sendiri,
2021-01-01,Negeri Sembilan,bekerja_sendiri,80
2022-01-01,Negeri Sembilan,bekerja_sendiri,94
2023-01-01,Negeri Sembilan,bekerja_sendiri,114
2020-01-01,Pahang,bekerja_sendiri,
2021-01-01,Pahang,bekerja_sendiri,133
2022-01-01,Pahang,bekerja_sendiri,144
2023-01-01,Pahang,bekerja_sendiri,173
2020-01-01,Perak,bekerja_sendiri,
2021-01-01,Perak,bekerja_sendiri,119
2022-01-01,Perak,bekerja_sendiri,174
2023-01-01,Perak,bekerja_sendiri,190
2020-01-01,Perlis,bekerja_sendiri,
2021-01-01,Perlis,bekerja_sendiri,33
2022-01-01,Perlis,bekerja_sendiri,69
2023-01-01,Perlis,bekerja_sendiri,55
2020-01-01,Pulau Pinang,bekerja_sendiri,
2021-01-01,Pulau Pinang,bekerja_sendiri,72
2022-01-01,Pulau Pinang,bekerja_sendiri,130
2023-01-01,Pulau Pinang,bekerja_sendiri,290
2020-01-01,Sabah,bekerja_sendiri,
2021-01-01,Sabah,bekerja_sendiri,103
2022-01-01,Sabah,bekerja_sendiri,182
2023-01-01,Sabah,bekerja_sendiri,98
2020-01-01,Sarawak,bekerja_sendiri,
2021-01-01,Sarawak,bekerja_sendiri,53
2022-01-01,Sarawak,bekerja_sendiri,93
2023-01-01,Sarawak,bekerja_sendiri,94
2020-01-01,Selangor,bekerja_sendiri,
2021-01-01,Selangor,bekerja_sendiri,115
2022-01-01,Selangor,bekerja_sendiri,231
2023-01-01,Selangor,bekerja_sendiri,246
2020-01-01,Terengganu,bekerja_sendiri,
2021-01-01,Terengganu,bekerja_sendiri,167
2022-01-01,Terengganu,bekerja_sendiri,190
2023-01-01,Terengganu,bekerja_sendiri,173
2020-01-01,W.P. Kuala Lumpur,bekerja_sendiri,
2021-01-01,W.P. Kuala Lumpur,bekerja_sendiri,25
2022-01-01,W.P. Kuala Lumpur,bekerja_sendiri,47
2023-01-01,W.P. Kuala Lumpur,bekerja_sendiri,30
2020-01-01,W.P. Labuan,bekerja_sendiri,
2021-01-01,W.P. Labuan,bekerja_sendiri,7
2022-01-01,W.P. Labuan,bekerja_sendiri,5
2023-01-01,W.P. Labuan,bekerja_sendiri,4
2020-01-01,W.P. Putrajaya,bekerja_sendiri,
2021-01-01,W.P. Putrajaya,bekerja_sendiri,1
2022-01-01,W.P. Putrajaya,bekerja_sendiri,3
2023-01-01,W.P. Putrajaya,bekerja_sendiri,1
2016-01-01,Malaysia,pesara,
2017-01-01,Malaysia,pesara,
2018-01-01,Malaysia,pesara,
2019-01-01,Malaysia,pesara,
2020-01-01,Malaysia,pesara,
2021-01-01,Malaysia,pesara,29
2022-01-01,Malaysia,pesara,47
2023-01-01,Malaysia,pesara,50
2020-01-01,Johor,pesara,
2021-01-01,Johor,pesara,3
2022-01-01,Johor,pesara,5
2023-01-01,Johor,pesara,3
2020-01-01,Kedah,pesara,
2021-01-01,Kedah,pesara,1
2022-01-01,Kedah,pesara,7
2023-01-01,Kedah,pesara,2
2020-01-01,Kelantan,pesara,
2021-01-01,Kelantan,pesara,2
2022-01-01,Kelantan,pesara,5
2023-01-01,Kelantan,pesara,11
2020-01-01,Melaka,pesara,
2021-01-01,Melaka,pesara,2
2022-01-01,Melaka,pesara,2
2023-01-01,Melaka,pesara,3
2020-01-01,Negeri Sembilan,pesara,
2021-01-01,Negeri Sembilan,pesara,3
2022-01-01,Negeri Sembilan,pesara,6
2023-01-01,Negeri Sembilan,pesara,4
2020-01-01,Pahang,pesara,
2021-01-01,Pahang,pesara,1
2022-01-01,Pahang,pesara,4
2023-01-01,Pahang,pesara,4
2020-01-01,Perak,pesara,
2021-01-01,Perak,pesara,3
2022-01-01,Perak,pesara,5
2023-01-01,Perak,pesara,2
2020-01-01,Perlis,pesara,
2021-01-01,Perlis,pesara,
2022-01-01,Perlis,pesara,
2023-01-01,Perlis,pesara,
2020-01-01,Pulau Pinang,pesara,
2021-01-01,Pulau Pinang,pesara,2
2022-01-01,Pulau Pinang,pesara,1
2023-01-01,Pulau Pinang,pesara,4
2020-01-01,Sabah,pesara,
2021-01-01,Sabah,pesara,1
2022-01-01,Sabah,pesara,2
2023-01-01,Sabah,pesara,6
2020-01-01,Sarawak,pesara,
2021-01-01,Sarawak,pesara,4
2022-01-01,Sarawak,pesara,
2023-01-01,Sarawak,pesara,2
2020-01-01,Selangor,pesara,
2021-01-01,Selangor,pesara,4
2022-01-01,Selangor,pesara,6
2023-01-01,Selangor,pesara,2
2020-01-01,Terengganu,pesara,
2021-01-01,Terengganu,pesara,1
2022-01-01,Terengganu,pesara,
2023-01-01,Terengganu,pesara,3
2020-01-01,W.P. Kuala Lumpur,pesara,
2021-01-01,W.P. Kuala Lumpur,pesara,2
2022-01-01,W.P. Kuala Lumpur,pesara,2
2023-01-01,W.P. Kuala Lumpur,pesara,4
2020-01-01,W.P. Labuan,pesara,
2021-01-01,W.P. Labuan,pesara,
2022-01-01,W.P. Labuan,pesara,1
2023-01-01,W.P. Labuan,pesara,
2020-01-01,W.P. Putrajaya,pesara,
2021-01-01,W.P. Putrajaya,pesara,
2022-01-01,W.P. Putrajaya,pesara,
2023-01-01,W.P. Putrajaya,pesara,
2016-01-01,Malaysia,tiada_pekerjaan,
2017-01-01,Malaysia,tiada_pekerjaan,
2018-01-01,Malaysia,tiada_pekerjaan,
2019-01-01,Malaysia,tiada_pekerjaan,
2020-01-01,Malaysia,tiada_pekerjaan,
2021-01-01,Malaysia,tiada_pekerjaan,1534
2022-01-01,Malaysia,tiada_pekerjaan,2151
2023-01-01,Malaysia,tiada_pekerjaan,2126
2020-01-01,Johor,tiada_pekerjaan,
2021-01-01,Johor,tiada_pekerjaan,278
2022-01-01,Johor,tiada_pekerjaan,311
2023-01-01,Johor,tiada_pekerjaan,370
2020-01-01,Kedah,tiada_pekerjaan,
2021-01-01,Kedah,tiada_pekerjaan,52
2022-01-01,Kedah,tiada_pekerjaan,122
2023-01-01,Kedah,tiada_pekerjaan,106
2020-01-01,Kelantan,tiada_pekerjaan,
2021-01-01,Kelantan,tiada_pekerjaan,110
2022-01-01,Kelantan,tiada_pekerjaan,135
2023-01-01,Kelantan,tiada_pekerjaan,157
2020-01-01,Melaka,tiada_pekerjaan,
2021-01-01,Melaka,tiada_pekerjaan,46
2022-01-01,Melaka,tiada_pekerjaan,21
2023-01-01,Melaka,tiada_pekerjaan,21
2020-01-01,Negeri Sembilan,tiada_pekerjaan,
2021-01-01,Negeri Sembilan,tiada_pekerjaan,51
2022-01-01,Negeri Sembilan,tiada_pekerjaan,100
2023-01-01,Negeri Sembilan,tiada_pekerjaan,113
2020-01-01,Pahang,tiada_pekerjaan,
2021-01-01,Pahang,tiada_pekerjaan,66
2022-01-01,Pahang,tiada_pekerjaan,108
2023-01-01,Pahang,tiada_pekerjaan,135
2020-01-01,Perak,tiada_pekerjaan,
2021-01-01,Perak,tiada_pekerjaan,92
2022-01-01,Perak,tiada_pekerjaan,169
2023-01-01,Perak,tiada_pekerjaan,166
2020-01-01,Perlis,tiada_pekerjaan,
2021-01-01,Perlis,tiada_pekerjaan,15
2022-01-01,Perlis,tiada_pekerjaan,39
2023-01-01,Perlis,tiada_pekerjaan,34
2020-01-01,Pulau Pinang,tiada_pekerjaan,
2021-01-01,Pulau Pinang,tiada_pekerjaan,178
2022-01-01,Pulau Pinang,tiada_pekerjaan,214
2023-01-01,Pulau Pinang,tiada_pekerjaan,149
2020-01-01,Sabah,tiada_pekerjaan,
2021-01-01,Sabah,tiada_pekerjaan,146
2022-01-01,Sabah,tiada_pekerjaan,176
2023-01-01,Sabah,tiada_pekerjaan,126
2020-01-01,Sarawak,tiada_pekerjaan,
2021-01-01,Sarawak,tiada_pekerjaan,90
2022-01-01,Sarawak,tiada_pekerjaan,148
2023-01-01,Sarawak,tiada_pekerjaan,168
2020-01-01,Selangor,tiada_pekerjaan,
2021-01-01,Selangor,tiada_pekerjaan,149
2022-01-01,Selangor,tiada_pekerjaan,317
2023-01-01,Selangor,tiada_pekerjaan,314
2020-01-01,Terengganu,tiada_pekerjaan,
2021-01-01,Terengganu,tiada_pekerjaan,181
2022-01-01,Terengganu,tiada_pekerjaan,188
2023-01-01,Terengganu,tiada_pekerjaan,152
2020-01-01,W.P. Kuala Lumpur,tiada_pekerjaan,
2021-01-01,W.P. Kuala Lumpur,tiada_pekerjaan,90
2022-01-01,W.P. Kuala Lumpur,tiada_pekerjaan,90
2023-01-01,W.P. Kuala Lumpur,tiada_pekerjaan,105
2020-01-01,W.P. Labuan,tiada_pekerjaan,
2021-01-01,W.P. Labuan,tiada_pekerjaan,6
2022-01-01,W.P. Labuan,tiada_pekerjaan,9
2023-01-01,W.P. Labuan,tiada_pekerjaan,7
2020-01-01,W.P. Putrajaya,tiada_pekerjaan,
2021-01-01,W.P. Putrajaya,tiada_pekerjaan,9
2022-01-01,W.P. Putrajaya,tiada_pekerjaan,4
2023-01-01,W.P. Putrajaya,tiada_pekerjaan,3
